# format=GOSAN_GRAPH01 observer=compute-sanitizer-graph-node-begin host_clock=CLOCK_MONOTONIC identity=(graph_exec,graph_launch_id,node)
graph_exec	graph_launch_id	node	grid_id	host_timestamp_ns	context_slot	kernel_slot	stream	api_stream	grid_x	grid_y	grid_z	block_x	block_y	block_z	expected_blocks	function
0x29393f90	1	0x34f6c090	46709	720462848334910	0	4979	0x0	0x0	1	1	1	512	1	1	1	_ZN4vllm30reshape_and_cache_flash_kernelI13__nv_bfloat16S1_LNS_18Fp8KVCacheDataTypeE0EEEvPKT_S5_PT0_S7_PKlllllliiiPKfSB_i
0x29393f90	1	0x34f72890	46722	720462848406174	0	4979	0x0	0x0	1	1	1	512	1	1	1	_ZN4vllm30reshape_and_cache_flash_kernelI13__nv_bfloat16S1_LNS_18Fp8KVCacheDataTypeE0EEEvPKT_S5_PT0_S7_PKlllllliiiPKfSB_i
0x29393f90	1	0x34f79090	46735	720462848435214	0	4979	0x0	0x0	1	1	1	512	1	1	1	_ZN4vllm30reshape_and_cache_flash_kernelI13__nv_bfloat16S1_LNS_18Fp8KVCacheDataTypeE0EEEvPKT_S5_PT0_S7_PKlllllliiiPKfSB_i
0x29393f90	1	0x34f7f890	46748	720462848461421	0	4979	0x0	0x0	1	1	1	512	1	1	1	_ZN4vllm30reshape_and_cache_flash_kernelI13__nv_bfloat16S1_LNS_18Fp8KVCacheDataTypeE0EEEvPKT_S5_PT0_S7_PKlllllliiiPKfSB_i
0x29393f90	1	0x34f86090	46761	720462848484941	0	4979	0x0	0x0	1	1	1	512	1	1	1	_ZN4vllm30reshape_and_cache_flash_kernelI13__nv_bfloat16S1_LNS_18Fp8KVCacheDataTypeE0EEEvPKT_S5_PT0_S7_PKlllllliiiPKfSB_i
0x29393f90	1	0x34f8c890	46774	720462848502397	0	4979	0x0	0x0	1	1	1	512	1	1	1	_ZN4vllm30reshape_and_cache_flash_kernelI13__nv_bfloat16S1_LNS_18Fp8KVCacheDataTypeE0EEEvPKT_S5_PT0_S7_PKlllllliiiPKfSB_i
0x29393f90	1	0x34f97a20	46787	720462848517261	0	4979	0x0	0x0	1	1	1	512	1	1	1	_ZN4vllm30reshape_and_cache_flash_kernelI13__nv_bfloat16S1_LNS_18Fp8KVCacheDataTypeE0EEEvPKT_S5_PT0_S7_PKlllllliiiPKfSB_i
0x29393f90	1	0x34f9e220	46800	720462848532205	0	4979	0x0	0x0	1	1	1	512	1	1	1	_ZN4vllm30reshape_and_cache_flash_kernelI13__nv_bfloat16S1_LNS_18Fp8KVCacheDataTypeE0EEEvPKT_S5_PT0_S7_PKlllllliiiPKfSB_i
0x29393f90	1	0x34fa4a20	46813	720462848544285	0	4979	0x0	0x0	1	1	1	512	1	1	1	_ZN4vllm30reshape_and_cache_flash_kernelI13__nv_bfloat16S1_LNS_18Fp8KVCacheDataTypeE0EEEvPKT_S5_PT0_S7_PKlllllliiiPKfSB_i
0x29393f90	1	0x34fab220	46826	720462848558125	0	4979	0x0	0x0	1	1	1	512	1	1	1	_ZN4vllm30reshape_and_cache_flash_kernelI13__nv_bfloat16S1_LNS_18Fp8KVCacheDataTypeE0EEEvPKT_S5_PT0_S7_PKlllllliiiPKfSB_i
0x29393f90	1	0x34fb1a20	46839	720462848571725	0	4979	0x0	0x0	1	1	1	512	1	1	1	_ZN4vllm30reshape_and_cache_flash_kernelI13__nv_bfloat16S1_LNS_18Fp8KVCacheDataTypeE0EEEvPKT_S5_PT0_S7_PKlllllliiiPKfSB_i
0x29393f90	1	0x34fb8220	46852	720462848589356	0	4979	0x0	0x0	1	1	1	512	1	1	1	_ZN4vllm30reshape_and_cache_flash_kernelI13__nv_bfloat16S1_LNS_18Fp8KVCacheDataTypeE0EEEvPKT_S5_PT0_S7_PKlllllliiiPKfSB_i
0x29393f90	1	0x34fbea20	46865	720462848601228	0	4979	0x0	0x0	1	1	1	512	1	1	1	_ZN4vllm30reshape_and_cache_flash_kernelI13__nv_bfloat16S1_LNS_18Fp8KVCacheDataTypeE0EEEvPKT_S5_PT0_S7_PKlllllliiiPKfSB_i
0x29393f90	1	0x34fc5220	46878	720462848612396	0	4979	0x0	0x0	1	1	1	512	1	1	1	_ZN4vllm30reshape_and_cache_flash_kernelI13__nv_bfloat16S1_LNS_18Fp8KVCacheDataTypeE0EEEvPKT_S5_PT0_S7_PKlllllliiiPKfSB_i
0x29393f90	1	0x34fcba20	46891	720462848623068	0	4979	0x0	0x0	1	1	1	512	1	1	1	_ZN4vllm30reshape_and_cache_flash_kernelI13__nv_bfloat16S1_LNS_18Fp8KVCacheDataTypeE0EEEvPKT_S5_PT0_S7_PKlllllliiiPKfSB_i
0x29393f90	1	0x34fd2220	46904	720462848633516	0	4979	0x0	0x0	1	1	1	512	1	1	1	_ZN4vllm30reshape_and_cache_flash_kernelI13__nv_bfloat16S1_LNS_18Fp8KVCacheDataTypeE0EEEvPKT_S5_PT0_S7_PKlllllliiiPKfSB_i
0x29393f90	1	0x34fd8a30	46917	720462848643948	0	4979	0x0	0x0	1	1	1	512	1	1	1	_ZN4vllm30reshape_and_cache_flash_kernelI13__nv_bfloat16S1_LNS_18Fp8KVCacheDataTypeE0EEEvPKT_S5_PT0_S7_PKlllllliiiPKfSB_i
0x29393f90	1	0x34fdf230	46930	720462848654940	0	4979	0x0	0x0	1	1	1	512	1	1	1	_ZN4vllm30reshape_and_cache_flash_kernelI13__nv_bfloat16S1_LNS_18Fp8KVCacheDataTypeE0EEEvPKT_S5_PT0_S7_PKlllllliiiPKfSB_i
0x29393f90	1	0x34fe5a30	46943	720462848666460	0	4979	0x0	0x0	1	1	1	512	1	1	1	_ZN4vllm30reshape_and_cache_flash_kernelI13__nv_bfloat16S1_LNS_18Fp8KVCacheDataTypeE0EEEvPKT_S5_PT0_S7_PKlllllliiiPKfSB_i
0x29393f90	1	0x34fec230	46956	720462848677068	0	4979	0x0	0x0	1	1	1	512	1	1	1	_ZN4vllm30reshape_and_cache_flash_kernelI13__nv_bfloat16S1_LNS_18Fp8KVCacheDataTypeE0EEEvPKT_S5_PT0_S7_PKlllllliiiPKfSB_i
0x29393f90	1	0x34ff2a30	46969	720462848686956	0	4979	0x0	0x0	1	1	1	512	1	1	1	_ZN4vllm30reshape_and_cache_flash_kernelI13__nv_bfloat16S1_LNS_18Fp8KVCacheDataTypeE0EEEvPKT_S5_PT0_S7_PKlllllliiiPKfSB_i
0x29393f90	1	0x34ff9230	46982	720462848696908	0	4979	0x0	0x0	1	1	1	512	1	1	1	_ZN4vllm30reshape_and_cache_flash_kernelI13__nv_bfloat16S1_LNS_18Fp8KVCacheDataTypeE0EEEvPKT_S5_PT0_S7_PKlllllliiiPKfSB_i
0x29393f90	1	0x34fffa30	46995	720462848706588	0	4979	0x0	0x0	1	1	1	512	1	1	1	_ZN4vllm30reshape_and_cache_flash_kernelI13__nv_bfloat16S1_LNS_18Fp8KVCacheDataTypeE0EEEvPKT_S5_PT0_S7_PKlllllliiiPKfSB_i
0x29393f90	1	0x35006230	47008	720462848716587	0	4979	0x0	0x0	1	1	1	512	1	1	1	_ZN4vllm30reshape_and_cache_flash_kernelI13__nv_bfloat16S1_LNS_18Fp8KVCacheDataTypeE0EEEvPKT_S5_PT0_S7_PKlllllliiiPKfSB_i
0x29393f90	1	0x3500ca30	47021	720462848726523	0	4979	0x0	0x0	1	1	1	512	1	1	1	_ZN4vllm30reshape_and_cache_flash_kernelI13__nv_bfloat16S1_LNS_18Fp8KVCacheDataTypeE0EEEvPKT_S5_PT0_S7_PKlllllliiiPKfSB_i
0x29393f90	1	0x35013230	47034	720462848736779	0	4979	0x0	0x0	1	1	1	512	1	1	1	_ZN4vllm30reshape_and_cache_flash_kernelI13__nv_bfloat16S1_LNS_18Fp8KVCacheDataTypeE0EEEvPKT_S5_PT0_S7_PKlllllliiiPKfSB_i
0x29393f90	1	0x35019a40	47047	720462848748043	0	4979	0x0	0x0	1	1	1	512	1	1	1	_ZN4vllm30reshape_and_cache_flash_kernelI13__nv_bfloat16S1_LNS_18Fp8KVCacheDataTypeE0EEEvPKT_S5_PT0_S7_PKlllllliiiPKfSB_i
0x29393f90	1	0x35020240	47060	720462848758907	0	4979	0x0	0x0	1	1	1	512	1	1	1	_ZN4vllm30reshape_and_cache_flash_kernelI13__nv_bfloat16S1_LNS_18Fp8KVCacheDataTypeE0EEEvPKT_S5_PT0_S7_PKlllllliiiPKfSB_i
0x29393f90	1	0x35026a40	47073	720462848767307	0	4979	0x0	0x0	1	1	1	512	1	1	1	_ZN4vllm30reshape_and_cache_flash_kernelI13__nv_bfloat16S1_LNS_18Fp8KVCacheDataTypeE0EEEvPKT_S5_PT0_S7_PKlllllliiiPKfSB_i
0x29393f90	1	0x3502d240	47086	720462848775627	0	4979	0x0	0x0	1	1	1	512	1	1	1	_ZN4vllm30reshape_and_cache_flash_kernelI13__nv_bfloat16S1_LNS_18Fp8KVCacheDataTypeE0EEEvPKT_S5_PT0_S7_PKlllllliiiPKfSB_i
0x29393f90	1	0x35033a40	47099	720462848783835	0	4979	0x0	0x0	1	1	1	512	1	1	1	_ZN4vllm30reshape_and_cache_flash_kernelI13__nv_bfloat16S1_LNS_18Fp8KVCacheDataTypeE0EEEvPKT_S5_PT0_S7_PKlllllliiiPKfSB_i
0x29393f90	1	0x3503a240	47112	720462848791963	0	4979	0x0	0x0	1	1	1	512	1	1	1	_ZN4vllm30reshape_and_cache_flash_kernelI13__nv_bfloat16S1_LNS_18Fp8KVCacheDataTypeE0EEEvPKT_S5_PT0_S7_PKlllllliiiPKfSB_i
0x29393f90	1	0x35040a40	47125	720462848800283	0	4979	0x0	0x0	1	1	1	512	1	1	1	_ZN4vllm30reshape_and_cache_flash_kernelI13__nv_bfloat16S1_LNS_18Fp8KVCacheDataTypeE0EEEvPKT_S5_PT0_S7_PKlllllliiiPKfSB_i
0x29393f90	1	0x35047240	47138	720462848808427	0	4979	0x0	0x0	1	1	1	512	1	1	1	_ZN4vllm30reshape_and_cache_flash_kernelI13__nv_bfloat16S1_LNS_18Fp8KVCacheDataTypeE0EEEvPKT_S5_PT0_S7_PKlllllliiiPKfSB_i
0x29393f90	1	0x3504da40	47151	720462848816907	0	4979	0x0	0x0	1	1	1	512	1	1	1	_ZN4vllm30reshape_and_cache_flash_kernelI13__nv_bfloat16S1_LNS_18Fp8KVCacheDataTypeE0EEEvPKT_S5_PT0_S7_PKlllllliiiPKfSB_i
0x29393f90	1	0x35054250	47164	720462848825515	0	4979	0x0	0x0	1	1	1	512	1	1	1	_ZN4vllm30reshape_and_cache_flash_kernelI13__nv_bfloat16S1_LNS_18Fp8KVCacheDataTypeE0EEEvPKT_S5_PT0_S7_PKlllllliiiPKfSB_i
0x29393f90	1	0x3505aa50	47177	720462848833851	0	4979	0x0	0x0	1	1	1	512	1	1	1	_ZN4vllm30reshape_and_cache_flash_kernelI13__nv_bfloat16S1_LNS_18Fp8KVCacheDataTypeE0EEEvPKT_S5_PT0_S7_PKlllllliiiPKfSB_i
0x29393f90	1	0x35061250	47190	720462848842219	0	4979	0x0	0x0	1	1	1	512	1	1	1	_ZN4vllm30reshape_and_cache_flash_kernelI13__nv_bfloat16S1_LNS_18Fp8KVCacheDataTypeE0EEEvPKT_S5_PT0_S7_PKlllllliiiPKfSB_i
0x29393f90	1	0x35067a50	47203	720462848850522	0	4979	0x0	0x0	1	1	1	512	1	1	1	_ZN4vllm30reshape_and_cache_flash_kernelI13__nv_bfloat16S1_LNS_18Fp8KVCacheDataTypeE0EEEvPKT_S5_PT0_S7_PKlllllliiiPKfSB_i
0x29393f90	1	0x3506e250	47216	720462848858938	0	4979	0x0	0x0	1	1	1	512	1	1	1	_ZN4vllm30reshape_and_cache_flash_kernelI13__nv_bfloat16S1_LNS_18Fp8KVCacheDataTypeE0EEEvPKT_S5_PT0_S7_PKlllllliiiPKfSB_i
0x29393f90	2	0x34f6c090	46709	720462854095123	0	4979	0x0	0x0	1	1	1	512	1	1	1	_ZN4vllm30reshape_and_cache_flash_kernelI13__nv_bfloat16S1_LNS_18Fp8KVCacheDataTypeE0EEEvPKT_S5_PT0_S7_PKlllllliiiPKfSB_i
0x29393f90	2	0x34f72890	46722	720462854129459	0	4979	0x0	0x0	1	1	1	512	1	1	1	_ZN4vllm30reshape_and_cache_flash_kernelI13__nv_bfloat16S1_LNS_18Fp8KVCacheDataTypeE0EEEvPKT_S5_PT0_S7_PKlllllliiiPKfSB_i
0x29393f90	2	0x34f79090	46735	720462854155986	0	4979	0x0	0x0	1	1	1	512	1	1	1	_ZN4vllm30reshape_and_cache_flash_kernelI13__nv_bfloat16S1_LNS_18Fp8KVCacheDataTypeE0EEEvPKT_S5_PT0_S7_PKlllllliiiPKfSB_i
0x29393f90	2	0x34f7f890	46748	720462854177698	0	4979	0x0	0x0	1	1	1	512	1	1	1	_ZN4vllm30reshape_and_cache_flash_kernelI13__nv_bfloat16S1_LNS_18Fp8KVCacheDataTypeE0EEEvPKT_S5_PT0_S7_PKlllllliiiPKfSB_i
0x29393f90	2	0x34f86090	46761	720462854197362	0	4979	0x0	0x0	1	1	1	512	1	1	1	_ZN4vllm30reshape_and_cache_flash_kernelI13__nv_bfloat16S1_LNS_18Fp8KVCacheDataTypeE0EEEvPKT_S5_PT0_S7_PKlllllliiiPKfSB_i
0x29393f90	2	0x34f8c890	46774	720462854213634	0	4979	0x0	0x0	1	1	1	512	1	1	1	_ZN4vllm30reshape_and_cache_flash_kernelI13__nv_bfloat16S1_LNS_18Fp8KVCacheDataTypeE0EEEvPKT_S5_PT0_S7_PKlllllliiiPKfSB_i
0x29393f90	2	0x34f97a20	46787	720462854227298	0	4979	0x0	0x0	1	1	1	512	1	1	1	_ZN4vllm30reshape_and_cache_flash_kernelI13__nv_bfloat16S1_LNS_18Fp8KVCacheDataTypeE0EEEvPKT_S5_PT0_S7_PKlllllliiiPKfSB_i
0x29393f90	2	0x34f9e220	46800	720462854242226	0	4979	0x0	0x0	1	1	1	512	1	1	1	_ZN4vllm30reshape_and_cache_flash_kernelI13__nv_bfloat16S1_LNS_18Fp8KVCacheDataTypeE0EEEvPKT_S5_PT0_S7_PKlllllliiiPKfSB_i
0x29393f90	2	0x34fa4a20	46813	720462854253282	0	4979	0x0	0x0	1	1	1	512	1	1	1	_ZN4vllm30reshape_and_cache_flash_kernelI13__nv_bfloat16S1_LNS_18Fp8KVCacheDataTypeE0EEEvPKT_S5_PT0_S7_PKlllllliiiPKfSB_i
0x29393f90	2	0x34fab220	46826	720462854266130	0	4979	0x0	0x0	1	1	1	512	1	1	1	_ZN4vllm30reshape_and_cache_flash_kernelI13__nv_bfloat16S1_LNS_18Fp8KVCacheDataTypeE0EEEvPKT_S5_PT0_S7_PKlllllliiiPKfSB_i
0x29393f90	2	0x34fb1a20	46839	720462854280945	0	4979	0x0	0x0	1	1	1	512	1	1	1	_ZN4vllm30reshape_and_cache_flash_kernelI13__nv_bfloat16S1_LNS_18Fp8KVCacheDataTypeE0EEEvPKT_S5_PT0_S7_PKlllllliiiPKfSB_i
0x29393f90	2	0x34fb8220	46852	720462854294145	0	4979	0x0	0x0	1	1	1	512	1	1	1	_ZN4vllm30reshape_and_cache_flash_kernelI13__nv_bfloat16S1_LNS_18Fp8KVCacheDataTypeE0EEEvPKT_S5_PT0_S7_PKlllllliiiPKfSB_i
0x29393f90	2	0x34fbea20	46865	720462854308065	0	4979	0x0	0x0	1	1	1	512	1	1	1	_ZN4vllm30reshape_and_cache_flash_kernelI13__nv_bfloat16S1_LNS_18Fp8KVCacheDataTypeE0EEEvPKT_S5_PT0_S7_PKlllllliiiPKfSB_i
0x29393f90	2	0x34fc5220	46878	720462854319665	0	4979	0x0	0x0	1	1	1	512	1	1	1	_ZN4vllm30reshape_and_cache_flash_kernelI13__nv_bfloat16S1_LNS_18Fp8KVCacheDataTypeE0EEEvPKT_S5_PT0_S7_PKlllllliiiPKfSB_i
0x29393f90	2	0x34fcba20	46891	720462854384689	0	4979	0x0	0x0	1	1	1	512	1	1	1	_ZN4vllm30reshape_and_cache_flash_kernelI13__nv_bfloat16S1_LNS_18Fp8KVCacheDataTypeE0EEEvPKT_S5_PT0_S7_PKlllllliiiPKfSB_i
0x29393f90	2	0x34fd2220	46904	720462854400336	0	4979	0x0	0x0	1	1	1	512	1	1	1	_ZN4vllm30reshape_and_cache_flash_kernelI13__nv_bfloat16S1_LNS_18Fp8KVCacheDataTypeE0EEEvPKT_S5_PT0_S7_PKlllllliiiPKfSB_i
0x29393f90	2	0x34fd8a30	46917	720462854411648	0	4979	0x0	0x0	1	1	1	512	1	1	1	_ZN4vllm30reshape_and_cache_flash_kernelI13__nv_bfloat16S1_LNS_18Fp8KVCacheDataTypeE0EEEvPKT_S5_PT0_S7_PKlllllliiiPKfSB_i
0x29393f90	2	0x34fdf230	46930	720462854422624	0	4979	0x0	0x0	1	1	1	512	1	1	1	_ZN4vllm30reshape_and_cache_flash_kernelI13__nv_bfloat16S1_LNS_18Fp8KVCacheDataTypeE0EEEvPKT_S5_PT0_S7_PKlllllliiiPKfSB_i
0x29393f90	2	0x34fe5a30	46943	720462854435824	0	4979	0x0	0x0	1	1	1	512	1	1	1	_ZN4vllm30reshape_and_cache_flash_kernelI13__nv_bfloat16S1_LNS_18Fp8KVCacheDataTypeE0EEEvPKT_S5_PT0_S7_PKlllllliiiPKfSB_i
0x29393f90	2	0x34fec230	46956	720462854449232	0	4979	0x0	0x0	1	1	1	512	1	1	1	_ZN4vllm30reshape_and_cache_flash_kernelI13__nv_bfloat16S1_LNS_18Fp8KVCacheDataTypeE0EEEvPKT_S5_PT0_S7_PKlllllliiiPKfSB_i
0x29393f90	2	0x34ff2a30	46969	720462854460720	0	4979	0x0	0x0	1	1	1	512	1	1	1	_ZN4vllm30reshape_and_cache_flash_kernelI13__nv_bfloat16S1_LNS_18Fp8KVCacheDataTypeE0EEEvPKT_S5_PT0_S7_PKlllllliiiPKfSB_i
0x29393f90	2	0x34ff9230	46982	720462854472000	0	4979	0x0	0x0	1	1	1	512	1	1	1	_ZN4vllm30reshape_and_cache_flash_kernelI13__nv_bfloat16S1_LNS_18Fp8KVCacheDataTypeE0EEEvPKT_S5_PT0_S7_PKlllllliiiPKfSB_i
0x29393f90	2	0x34fffa30	46995	720462854486704	0	4979	0x0	0x0	1	1	1	512	1	1	1	_ZN4vllm30reshape_and_cache_flash_kernelI13__nv_bfloat16S1_LNS_18Fp8KVCacheDataTypeE0EEEvPKT_S5_PT0_S7_PKlllllliiiPKfSB_i
0x29393f90	2	0x35006230	47008	720462854503728	0	4979	0x0	0x0	1	1	1	512	1	1	1	_ZN4vllm30reshape_and_cache_flash_kernelI13__nv_bfloat16S1_LNS_18Fp8KVCacheDataTypeE0EEEvPKT_S5_PT0_S7_PKlllllliiiPKfSB_i
0x29393f90	2	0x3500ca30	47021	720462854515168	0	4979	0x0	0x0	1	1	1	512	1	1	1	_ZN4vllm30reshape_and_cache_flash_kernelI13__nv_bfloat16S1_LNS_18Fp8KVCacheDataTypeE0EEEvPKT_S5_PT0_S7_PKlllllliiiPKfSB_i
0x29393f90	2	0x35013230	47034	720462854528288	0	4979	0x0	0x0	1	1	1	512	1	1	1	_ZN4vllm30reshape_and_cache_flash_kernelI13__nv_bfloat16S1_LNS_18Fp8KVCacheDataTypeE0EEEvPKT_S5_PT0_S7_PKlllllliiiPKfSB_i
0x29393f90	2	0x35019a40	47047	720462854542367	0	4979	0x0	0x0	1	1	1	512	1	1	1	_ZN4vllm30reshape_and_cache_flash_kernelI13__nv_bfloat16S1_LNS_18Fp8KVCacheDataTypeE0EEEvPKT_S5_PT0_S7_PKlllllliiiPKfSB_i
0x29393f90	2	0x35020240	47060	720462854554159	0	4979	0x0	0x0	1	1	1	512	1	1	1	_ZN4vllm30reshape_and_cache_flash_kernelI13__nv_bfloat16S1_LNS_18Fp8KVCacheDataTypeE0EEEvPKT_S5_PT0_S7_PKlllllliiiPKfSB_i
0x29393f90	2	0x35026a40	47073	720462854566991	0	4979	0x0	0x0	1	1	1	512	1	1	1	_ZN4vllm30reshape_and_cache_flash_kernelI13__nv_bfloat16S1_LNS_18Fp8KVCacheDataTypeE0EEEvPKT_S5_PT0_S7_PKlllllliiiPKfSB_i
0x29393f90	2	0x3502d240	47086	720462854578447	0	4979	0x0	0x0	1	1	1	512	1	1	1	_ZN4vllm30reshape_and_cache_flash_kernelI13__nv_bfloat16S1_LNS_18Fp8KVCacheDataTypeE0EEEvPKT_S5_PT0_S7_PKlllllliiiPKfSB_i
0x29393f90	2	0x35033a40	47099	720462854588847	0	4979	0x0	0x0	1	1	1	512	1	1	1	_ZN4vllm30reshape_and_cache_flash_kernelI13__nv_bfloat16S1_LNS_18Fp8KVCacheDataTypeE0EEEvPKT_S5_PT0_S7_PKlllllliiiPKfSB_i
0x29393f90	2	0x3503a240	47112	720462854602367	0	4979	0x0	0x0	1	1	1	512	1	1	1	_ZN4vllm30reshape_and_cache_flash_kernelI13__nv_bfloat16S1_LNS_18Fp8KVCacheDataTypeE0EEEvPKT_S5_PT0_S7_PKlllllliiiPKfSB_i
0x29393f90	2	0x35040a40	47125	720462854615679	0	4979	0x0	0x0	1	1	1	512	1	1	1	_ZN4vllm30reshape_and_cache_flash_kernelI13__nv_bfloat16S1_LNS_18Fp8KVCacheDataTypeE0EEEvPKT_S5_PT0_S7_PKlllllliiiPKfSB_i
0x29393f90	2	0x35047240	47138	720462854628015	0	4979	0x0	0x0	1	1	1	512	1	1	1	_ZN4vllm30reshape_and_cache_flash_kernelI13__nv_bfloat16S1_LNS_18Fp8KVCacheDataTypeE0EEEvPKT_S5_PT0_S7_PKlllllliiiPKfSB_i
0x29393f90	2	0x3504da40	47151	720462854639839	0	4979	0x0	0x0	1	1	1	512	1	1	1	_ZN4vllm30reshape_and_cache_flash_kernelI13__nv_bfloat16S1_LNS_18Fp8KVCacheDataTypeE0EEEvPKT_S5_PT0_S7_PKlllllliiiPKfSB_i
0x29393f90	2	0x35054250	47164	720462854654463	0	4979	0x0	0x0	1	1	1	512	1	1	1	_ZN4vllm30reshape_and_cache_flash_kernelI13__nv_bfloat16S1_LNS_18Fp8KVCacheDataTypeE0EEEvPKT_S5_PT0_S7_PKlllllliiiPKfSB_i
0x29393f90	2	0x3505aa50	47177	720462854672046	0	4979	0x0	0x0	1	1	1	512	1	1	1	_ZN4vllm30reshape_and_cache_flash_kernelI13__nv_bfloat16S1_LNS_18Fp8KVCacheDataTypeE0EEEvPKT_S5_PT0_S7_PKlllllliiiPKfSB_i
0x29393f90	2	0x35061250	47190	720462854688910	0	4979	0x0	0x0	1	1	1	512	1	1	1	_ZN4vllm30reshape_and_cache_flash_kernelI13__nv_bfloat16S1_LNS_18Fp8KVCacheDataTypeE0EEEvPKT_S5_PT0_S7_PKlllllliiiPKfSB_i
0x29393f90	2	0x35067a50	47203	720462854702526	0	4979	0x0	0x0	1	1	1	512	1	1	1	_ZN4vllm30reshape_and_cache_flash_kernelI13__nv_bfloat16S1_LNS_18Fp8KVCacheDataTypeE0EEEvPKT_S5_PT0_S7_PKlllllliiiPKfSB_i
0x29393f90	2	0x3506e250	47216	720462854714814	0	4979	0x0	0x0	1	1	1	512	1	1	1	_ZN4vllm30reshape_and_cache_flash_kernelI13__nv_bfloat16S1_LNS_18Fp8KVCacheDataTypeE0EEEvPKT_S5_PT0_S7_PKlllllliiiPKfSB_i
0x29393f90	3	0x34f6c090	46709	720462971843001	0	4979	0x0	0x0	1	1	1	512	1	1	1	_ZN4vllm30reshape_and_cache_flash_kernelI13__nv_bfloat16S1_LNS_18Fp8KVCacheDataTypeE0EEEvPKT_S5_PT0_S7_PKlllllliiiPKfSB_i
0x29393f90	3	0x34f72890	46722	720462971875001	0	4979	0x0	0x0	1	1	1	512	1	1	1	_ZN4vllm30reshape_and_cache_flash_kernelI13__nv_bfloat16S1_LNS_18Fp8KVCacheDataTypeE0EEEvPKT_S5_PT0_S7_PKlllllliiiPKfSB_i
0x29393f90	3	0x34f79090	46735	720462971895288	0	4979	0x0	0x0	1	1	1	512	1	1	1	_ZN4vllm30reshape_and_cache_flash_kernelI13__nv_bfloat16S1_LNS_18Fp8KVCacheDataTypeE0EEEvPKT_S5_PT0_S7_PKlllllliiiPKfSB_i
0x29393f90	3	0x34f7f890	46748	720462971916904	0	4979	0x0	0x0	1	1	1	512	1	1	1	_ZN4vllm30reshape_and_cache_flash_kernelI13__nv_bfloat16S1_LNS_18Fp8KVCacheDataTypeE0EEEvPKT_S5_PT0_S7_PKlllllliiiPKfSB_i
0x29393f90	3	0x34f86090	46761	720462971939336	0	4979	0x0	0x0	1	1	1	512	1	1	1	_ZN4vllm30reshape_and_cache_flash_kernelI13__nv_bfloat16S1_LNS_18Fp8KVCacheDataTypeE0EEEvPKT_S5_PT0_S7_PKlllllliiiPKfSB_i
0x29393f90	3	0x34f8c890	46774	720462971956552	0	4979	0x0	0x0	1	1	1	512	1	1	1	_ZN4vllm30reshape_and_cache_flash_kernelI13__nv_bfloat16S1_LNS_18Fp8KVCacheDataTypeE0EEEvPKT_S5_PT0_S7_PKlllllliiiPKfSB_i
0x29393f90	3	0x34f97a20	46787	720462971970456	0	4979	0x0	0x0	1	1	1	512	1	1	1	_ZN4vllm30reshape_and_cache_flash_kernelI13__nv_bfloat16S1_LNS_18Fp8KVCacheDataTypeE0EEEvPKT_S5_PT0_S7_PKlllllliiiPKfSB_i
0x29393f90	3	0x34f9e220	46800	720462971989512	0	4979	0x0	0x0	1	1	1	512	1	1	1	_ZN4vllm30reshape_and_cache_flash_kernelI13__nv_bfloat16S1_LNS_18Fp8KVCacheDataTypeE0EEEvPKT_S5_PT0_S7_PKlllllliiiPKfSB_i
0x29393f90	3	0x34fa4a20	46813	720462972009960	0	4979	0x0	0x0	1	1	1	512	1	1	1	_ZN4vllm30reshape_and_cache_flash_kernelI13__nv_bfloat16S1_LNS_18Fp8KVCacheDataTypeE0EEEvPKT_S5_PT0_S7_PKlllllliiiPKfSB_i
0x29393f90	3	0x34fab220	46826	720462972023943	0	4979	0x0	0x0	1	1	1	512	1	1	1	_ZN4vllm30reshape_and_cache_flash_kernelI13__nv_bfloat16S1_LNS_18Fp8KVCacheDataTypeE0EEEvPKT_S5_PT0_S7_PKlllllliiiPKfSB_i
0x29393f90	3	0x34fb1a20	46839	720462972036471	0	4979	0x0	0x0	1	1	1	512	1	1	1	_ZN4vllm30reshape_and_cache_flash_kernelI13__nv_bfloat16S1_LNS_18Fp8KVCacheDataTypeE0EEEvPKT_S5_PT0_S7_PKlllllliiiPKfSB_i
0x29393f90	3	0x34fb8220	46852	720462972047207	0	4979	0x0	0x0	1	1	1	512	1	1	1	_ZN4vllm30reshape_and_cache_flash_kernelI13__nv_bfloat16S1_LNS_18Fp8KVCacheDataTypeE0EEEvPKT_S5_PT0_S7_PKlllllliiiPKfSB_i
0x29393f90	3	0x34fbea20	46865	720462972058791	0	4979	0x0	0x0	1	1	1	512	1	1	1	_ZN4vllm30reshape_and_cache_flash_kernelI13__nv_bfloat16S1_LNS_18Fp8KVCacheDataTypeE0EEEvPKT_S5_PT0_S7_PKlllllliiiPKfSB_i
0x29393f90	3	0x34fc5220	46878	720462972070471	0	4979	0x0	0x0	1	1	1	512	1	1	1	_ZN4vllm30reshape_and_cache_flash_kernelI13__nv_bfloat16S1_LNS_18Fp8KVCacheDataTypeE0EEEvPKT_S5_PT0_S7_PKlllllliiiPKfSB_i
0x29393f90	3	0x34fcba20	46891	720462972082983	0	4979	0x0	0x0	1	1	1	512	1	1	1	_ZN4vllm30reshape_and_cache_flash_kernelI13__nv_bfloat16S1_LNS_18Fp8KVCacheDataTypeE0EEEvPKT_S5_PT0_S7_PKlllllliiiPKfSB_i
0x29393f90	3	0x34fd2220	46904	720462972095927	0	4979	0x0	0x0	1	1	1	512	1	1	1	_ZN4vllm30reshape_and_cache_flash_kernelI13__nv_bfloat16S1_LNS_18Fp8KVCacheDataTypeE0EEEvPKT_S5_PT0_S7_PKlllllliiiPKfSB_i
0x29393f90	3	0x34fd8a30	46917	720462972107655	0	4979	0x0	0x0	1	1	1	512	1	1	1	_ZN4vllm30reshape_and_cache_flash_kernelI13__nv_bfloat16S1_LNS_18Fp8KVCacheDataTypeE0EEEvPKT_S5_PT0_S7_PKlllllliiiPKfSB_i
0x29393f90	3	0x34fdf230	46930	720462972134567	0	4979	0x0	0x0	1	1	1	512	1	1	1	_ZN4vllm30reshape_and_cache_flash_kernelI13__nv_bfloat16S1_LNS_18Fp8KVCacheDataTypeE0EEEvPKT_S5_PT0_S7_PKlllllliiiPKfSB_i
0x29393f90	3	0x34fe5a30	46943	720462972145127	0	4979	0x0	0x0	1	1	1	512	1	1	1	_ZN4vllm30reshape_and_cache_flash_kernelI13__nv_bfloat16S1_LNS_18Fp8KVCacheDataTypeE0EEEvPKT_S5_PT0_S7_PKlllllliiiPKfSB_i
0x29393f90	3	0x34fec230	46956	720462972157798	0	4979	0x0	0x0	1	1	1	512	1	1	1	_ZN4vllm30reshape_and_cache_flash_kernelI13__nv_bfloat16S1_LNS_18Fp8KVCacheDataTypeE0EEEvPKT_S5_PT0_S7_PKlllllliiiPKfSB_i
0x29393f90	3	0x34ff2a30	46969	720462972168102	0	4979	0x0	0x0	1	1	1	512	1	1	1	_ZN4vllm30reshape_and_cache_flash_kernelI13__nv_bfloat16S1_LNS_18Fp8KVCacheDataTypeE0EEEvPKT_S5_PT0_S7_PKlllllliiiPKfSB_i
0x29393f90	3	0x34ff9230	46982	720462972179542	0	4979	0x0	0x0	1	1	1	512	1	1	1	_ZN4vllm30reshape_and_cache_flash_kernelI13__nv_bfloat16S1_LNS_18Fp8KVCacheDataTypeE0EEEvPKT_S5_PT0_S7_PKlllllliiiPKfSB_i
0x29393f90	3	0x34fffa30	46995	720462972191158	0	4979	0x0	0x0	1	1	1	512	1	1	1	_ZN4vllm30reshape_and_cache_flash_kernelI13__nv_bfloat16S1_LNS_18Fp8KVCacheDataTypeE0EEEvPKT_S5_PT0_S7_PKlllllliiiPKfSB_i
0x29393f90	3	0x35006230	47008	720462972203174	0	4979	0x0	0x0	1	1	1	512	1	1	1	_ZN4vllm30reshape_and_cache_flash_kernelI13__nv_bfloat16S1_LNS_18Fp8KVCacheDataTypeE0EEEvPKT_S5_PT0_S7_PKlllllliiiPKfSB_i
0x29393f90	3	0x3500ca30	47021	720462972214230	0	4979	0x0	0x0	1	1	1	512	1	1	1	_ZN4vllm30reshape_and_cache_flash_kernelI13__nv_bfloat16S1_LNS_18Fp8KVCacheDataTypeE0EEEvPKT_S5_PT0_S7_PKlllllliiiPKfSB_i
0x29393f90	3	0x35013230	47034	720462972226950	0	4979	0x0	0x0	1	1	1	512	1	1	1	_ZN4vllm30reshape_and_cache_flash_kernelI13__nv_bfloat16S1_LNS_18Fp8KVCacheDataTypeE0EEEvPKT_S5_PT0_S7_PKlllllliiiPKfSB_i
0x29393f90	3	0x35019a40	47047	720462972239718	0	4979	0x0	0x0	1	1	1	512	1	1	1	_ZN4vllm30reshape_and_cache_flash_kernelI13__nv_bfloat16S1_LNS_18Fp8KVCacheDataTypeE0EEEvPKT_S5_PT0_S7_PKlllllliiiPKfSB_i
0x29393f90	3	0x35020240	47060	720462972250438	0	4979	0x0	0x0	1	1	1	512	1	1	1	_ZN4vllm30reshape_and_cache_flash_kernelI13__nv_bfloat16S1_LNS_18Fp8KVCacheDataTypeE0EEEvPKT_S5_PT0_S7_PKlllllliiiPKfSB_i
0x29393f90	3	0x35026a40	47073	720462972263238	0	4979	0x0	0x0	1	1	1	512	1	1	1	_ZN4vllm30reshape_and_cache_flash_kernelI13__nv_bfloat16S1_LNS_18Fp8KVCacheDataTypeE0EEEvPKT_S5_PT0_S7_PKlllllliiiPKfSB_i
0x29393f90	3	0x3502d240	47086	720462972272614	0	4979	0x0	0x0	1	1	1	512	1	1	1	_ZN4vllm30reshape_and_cache_flash_kernelI13__nv_bfloat16S1_LNS_18Fp8KVCacheDataTypeE0EEEvPKT_S5_PT0_S7_PKlllllliiiPKfSB_i
0x29393f90	3	0x35033a40	47099	720462972282133	0	4979	0x0	0x0	1	1	1	512	1	1	1	_ZN4vllm30reshape_and_cache_flash_kernelI13__nv_bfloat16S1_LNS_18Fp8KVCacheDataTypeE0EEEvPKT_S5_PT0_S7_PKlllllliiiPKfSB_i
0x29393f90	3	0x3503a240	47112	720462972292485	0	4979	0x0	0x0	1	1	1	512	1	1	1	_ZN4vllm30reshape_and_cache_flash_kernelI13__nv_bfloat16S1_LNS_18Fp8KVCacheDataTypeE0EEEvPKT_S5_PT0_S7_PKlllllliiiPKfSB_i
0x29393f90	3	0x35040a40	47125	720462972304549	0	4979	0x0	0x0	1	1	1	512	1	1	1	_ZN4vllm30reshape_and_cache_flash_kernelI13__nv_bfloat16S1_LNS_18Fp8KVCacheDataTypeE0EEEvPKT_S5_PT0_S7_PKlllllliiiPKfSB_i
0x29393f90	3	0x35047240	47138	720462972314901	0	4979	0x0	0x0	1	1	1	512	1	1	1	_ZN4vllm30reshape_and_cache_flash_kernelI13__nv_bfloat16S1_LNS_18Fp8KVCacheDataTypeE0EEEvPKT_S5_PT0_S7_PKlllllliiiPKfSB_i
0x29393f90	3	0x3504da40	47151	720462972324325	0	4979	0x0	0x0	1	1	1	512	1	1	1	_ZN4vllm30reshape_and_cache_flash_kernelI13__nv_bfloat16S1_LNS_18Fp8KVCacheDataTypeE0EEEvPKT_S5_PT0_S7_PKlllllliiiPKfSB_i
0x29393f90	3	0x35054250	47164	720462972335157	0	4979	0x0	0x0	1	1	1	512	1	1	1	_ZN4vllm30reshape_and_cache_flash_kernelI13__nv_bfloat16S1_LNS_18Fp8KVCacheDataTypeE0EEEvPKT_S5_PT0_S7_PKlllllliiiPKfSB_i
0x29393f90	3	0x3505aa50	47177	720462972348517	0	4979	0x0	0x0	1	1	1	512	1	1	1	_ZN4vllm30reshape_and_cache_flash_kernelI13__nv_bfloat16S1_LNS_18Fp8KVCacheDataTypeE0EEEvPKT_S5_PT0_S7_PKlllllliiiPKfSB_i
0x29393f90	3	0x35061250	47190	720462972359893	0	4979	0x0	0x0	1	1	1	512	1	1	1	_ZN4vllm30reshape_and_cache_flash_kernelI13__nv_bfloat16S1_LNS_18Fp8KVCacheDataTypeE0EEEvPKT_S5_PT0_S7_PKlllllliiiPKfSB_i
0x29393f90	3	0x35067a50	47203	720462972368789	0	4979	0x0	0x0	1	1	1	512	1	1	1	_ZN4vllm30reshape_and_cache_flash_kernelI13__nv_bfloat16S1_LNS_18Fp8KVCacheDataTypeE0EEEvPKT_S5_PT0_S7_PKlllllliiiPKfSB_i
0x29393f90	3	0x3506e250	47216	720462972379061	0	4979	0x0	0x0	1	1	1	512	1	1	1	_ZN4vllm30reshape_and_cache_flash_kernelI13__nv_bfloat16S1_LNS_18Fp8KVCacheDataTypeE0EEEvPKT_S5_PT0_S7_PKlllllliiiPKfSB_i
0x29393f90	4	0x34f6c090	46709	720463090135707	0	4979	0x0	0x0	1	1	1	512	1	1	1	_ZN4vllm30reshape_and_cache_flash_kernelI13__nv_bfloat16S1_LNS_18Fp8KVCacheDataTypeE0EEEvPKT_S5_PT0_S7_PKlllllliiiPKfSB_i
0x29393f90	4	0x34f72890	46722	720463090167067	0	4979	0x0	0x0	1	1	1	512	1	1	1	_ZN4vllm30reshape_and_cache_flash_kernelI13__nv_bfloat16S1_LNS_18Fp8KVCacheDataTypeE0EEEvPKT_S5_PT0_S7_PKlllllliiiPKfSB_i
0x29393f90	4	0x34f79090	46735	720463090186698	0	4979	0x0	0x0	1	1	1	512	1	1	1	_ZN4vllm30reshape_and_cache_flash_kernelI13__nv_bfloat16S1_LNS_18Fp8KVCacheDataTypeE0EEEvPKT_S5_PT0_S7_PKlllllliiiPKfSB_i
0x29393f90	4	0x34f7f890	46748	720463090205258	0	4979	0x0	0x0	1	1	1	512	1	1	1	_ZN4vllm30reshape_and_cache_flash_kernelI13__nv_bfloat16S1_LNS_18Fp8KVCacheDataTypeE0EEEvPKT_S5_PT0_S7_PKlllllliiiPKfSB_i
0x29393f90	4	0x34f86090	46761	720463090228602	0	4979	0x0	0x0	1	1	1	512	1	1	1	_ZN4vllm30reshape_and_cache_flash_kernelI13__nv_bfloat16S1_LNS_18Fp8KVCacheDataTypeE0EEEvPKT_S5_PT0_S7_PKlllllliiiPKfSB_i
0x29393f90	4	0x34f8c890	46774	720463090240058	0	4979	0x0	0x0	1	1	1	512	1	1	1	_ZN4vllm30reshape_and_cache_flash_kernelI13__nv_bfloat16S1_LNS_18Fp8KVCacheDataTypeE0EEEvPKT_S5_PT0_S7_PKlllllliiiPKfSB_i
0x29393f90	4	0x34f97a20	46787	720463090253242	0	4979	0x0	0x0	1	1	1	512	1	1	1	_ZN4vllm30reshape_and_cache_flash_kernelI13__nv_bfloat16S1_LNS_18Fp8KVCacheDataTypeE0EEEvPKT_S5_PT0_S7_PKlllllliiiPKfSB_i
0x29393f90	4	0x34f9e220	46800	720463090268570	0	4979	0x0	0x0	1	1	1	512	1	1	1	_ZN4vllm30reshape_and_cache_flash_kernelI13__nv_bfloat16S1_LNS_18Fp8KVCacheDataTypeE0EEEvPKT_S5_PT0_S7_PKlllllliiiPKfSB_i
0x29393f90	4	0x34fa4a20	46813	720463090281210	0	4979	0x0	0x0	1	1	1	512	1	1	1	_ZN4vllm30reshape_and_cache_flash_kernelI13__nv_bfloat16S1_LNS_18Fp8KVCacheDataTypeE0EEEvPKT_S5_PT0_S7_PKlllllliiiPKfSB_i
0x29393f90	4	0x34fab220	46826	720463090294282	0	4979	0x0	0x0	1	1	1	512	1	1	1	_ZN4vllm30reshape_and_cache_flash_kernelI13__nv_bfloat16S1_LNS_18Fp8KVCacheDataTypeE0EEEvPKT_S5_PT0_S7_PKlllllliiiPKfSB_i
0x29393f90	4	0x34fb1a20	46839	720463090306538	0	4979	0x0	0x0	1	1	1	512	1	1	1	_ZN4vllm30reshape_and_cache_flash_kernelI13__nv_bfloat16S1_LNS_18Fp8KVCacheDataTypeE0EEEvPKT_S5_PT0_S7_PKlllllliiiPKfSB_i
0x29393f90	4	0x34fb8220	46852	720463090318089	0	4979	0x0	0x0	1	1	1	512	1	1	1	_ZN4vllm30reshape_and_cache_flash_kernelI13__nv_bfloat16S1_LNS_18Fp8KVCacheDataTypeE0EEEvPKT_S5_PT0_S7_PKlllllliiiPKfSB_i
0x29393f90	4	0x34fbea20	46865	720463090329225	0	4979	0x0	0x0	1	1	1	512	1	1	1	_ZN4vllm30reshape_and_cache_flash_kernelI13__nv_bfloat16S1_LNS_18Fp8KVCacheDataTypeE0EEEvPKT_S5_PT0_S7_PKlllllliiiPKfSB_i
0x29393f90	4	0x34fc5220	46878	720463090339945	0	4979	0x0	0x0	1	1	1	512	1	1	1	_ZN4vllm30reshape_and_cache_flash_kernelI13__nv_bfloat16S1_LNS_18Fp8KVCacheDataTypeE0EEEvPKT_S5_PT0_S7_PKlllllliiiPKfSB_i
0x29393f90	4	0x34fcba20	46891	720463090352633	0	4979	0x0	0x0	1	1	1	512	1	1	1	_ZN4vllm30reshape_and_cache_flash_kernelI13__nv_bfloat16S1_LNS_18Fp8KVCacheDataTypeE0EEEvPKT_S5_PT0_S7_PKlllllliiiPKfSB_i
0x29393f90	4	0x34fd2220	46904	720463090362649	0	4979	0x0	0x0	1	1	1	512	1	1	1	_ZN4vllm30reshape_and_cache_flash_kernelI13__nv_bfloat16S1_LNS_18Fp8KVCacheDataTypeE0EEEvPKT_S5_PT0_S7_PKlllllliiiPKfSB_i
0x29393f90	4	0x34fd8a30	46917	720463090372345	0	4979	0x0	0x0	1	1	1	512	1	1	1	_ZN4vllm30reshape_and_cache_flash_kernelI13__nv_bfloat16S1_LNS_18Fp8KVCacheDataTypeE0EEEvPKT_S5_PT0_S7_PKlllllliiiPKfSB_i
0x29393f90	4	0x34fdf230	46930	720463090384793	0	4979	0x0	0x0	1	1	1	512	1	1	1	_ZN4vllm30reshape_and_cache_flash_kernelI13__nv_bfloat16S1_LNS_18Fp8KVCacheDataTypeE0EEEvPKT_S5_PT0_S7_PKlllllliiiPKfSB_i
0x29393f90	4	0x34fe5a30	46943	720463090397689	0	4979	0x0	0x0	1	1	1	512	1	1	1	_ZN4vllm30reshape_and_cache_flash_kernelI13__nv_bfloat16S1_LNS_18Fp8KVCacheDataTypeE0EEEvPKT_S5_PT0_S7_PKlllllliiiPKfSB_i
0x29393f90	4	0x34fec230	46956	720463090428281	0	4979	0x0	0x0	1	1	1	512	1	1	1	_ZN4vllm30reshape_and_cache_flash_kernelI13__nv_bfloat16S1_LNS_18Fp8KVCacheDataTypeE0EEEvPKT_S5_PT0_S7_PKlllllliiiPKfSB_i
0x29393f90	4	0x34ff2a30	46969	720463090442072	0	4979	0x0	0x0	1	1	1	512	1	1	1	_ZN4vllm30reshape_and_cache_flash_kernelI13__nv_bfloat16S1_LNS_18Fp8KVCacheDataTypeE0EEEvPKT_S5_PT0_S7_PKlllllliiiPKfSB_i
0x29393f90	4	0x34ff9230	46982	720463090455032	0	4979	0x0	0x0	1	1	1	512	1	1	1	_ZN4vllm30reshape_and_cache_flash_kernelI13__nv_bfloat16S1_LNS_18Fp8KVCacheDataTypeE0EEEvPKT_S5_PT0_S7_PKlllllliiiPKfSB_i
0x29393f90	4	0x34fffa30	46995	720463090468024	0	4979	0x0	0x0	1	1	1	512	1	1	1	_ZN4vllm30reshape_and_cache_flash_kernelI13__nv_bfloat16S1_LNS_18Fp8KVCacheDataTypeE0EEEvPKT_S5_PT0_S7_PKlllllliiiPKfSB_i
0x29393f90	4	0x35006230	47008	720463090480584	0	4979	0x0	0x0	1	1	1	512	1	1	1	_ZN4vllm30reshape_and_cache_flash_kernelI13__nv_bfloat16S1_LNS_18Fp8KVCacheDataTypeE0EEEvPKT_S5_PT0_S7_PKlllllliiiPKfSB_i
0x29393f90	4	0x3500ca30	47021	720463090490584	0	4979	0x0	0x0	1	1	1	512	1	1	1	_ZN4vllm30reshape_and_cache_flash_kernelI13__nv_bfloat16S1_LNS_18Fp8KVCacheDataTypeE0EEEvPKT_S5_PT0_S7_PKlllllliiiPKfSB_i
0x29393f90	4	0x35013230	47034	720463090500616	0	4979	0x0	0x0	1	1	1	512	1	1	1	_ZN4vllm30reshape_and_cache_flash_kernelI13__nv_bfloat16S1_LNS_18Fp8KVCacheDataTypeE0EEEvPKT_S5_PT0_S7_PKlllllliiiPKfSB_i
0x29393f90	4	0x35019a40	47047	720463090515384	0	4979	0x0	0x0	1	1	1	512	1	1	1	_ZN4vllm30reshape_and_cache_flash_kernelI13__nv_bfloat16S1_LNS_18Fp8KVCacheDataTypeE0EEEvPKT_S5_PT0_S7_PKlllllliiiPKfSB_i
0x29393f90	4	0x35020240	47060	720463090526920	0	4979	0x0	0x0	1	1	1	512	1	1	1	_ZN4vllm30reshape_and_cache_flash_kernelI13__nv_bfloat16S1_LNS_18Fp8KVCacheDataTypeE0EEEvPKT_S5_PT0_S7_PKlllllliiiPKfSB_i
0x29393f90	4	0x35026a40	47073	720463090537784	0	4979	0x0	0x0	1	1	1	512	1	1	1	_ZN4vllm30reshape_and_cache_flash_kernelI13__nv_bfloat16S1_LNS_18Fp8KVCacheDataTypeE0EEEvPKT_S5_PT0_S7_PKlllllliiiPKfSB_i
0x29393f90	4	0x3502d240	47086	720463090549848	0	4979	0x0	0x0	1	1	1	512	1	1	1	_ZN4vllm30reshape_and_cache_flash_kernelI13__nv_bfloat16S1_LNS_18Fp8KVCacheDataTypeE0EEEvPKT_S5_PT0_S7_PKlllllliiiPKfSB_i
0x29393f90	4	0x35033a40	47099	720463090562088	0	4979	0x0	0x0	1	1	1	512	1	1	1	_ZN4vllm30reshape_and_cache_flash_kernelI13__nv_bfloat16S1_LNS_18Fp8KVCacheDataTypeE0EEEvPKT_S5_PT0_S7_PKlllllliiiPKfSB_i
0x29393f90	4	0x3503a240	47112	720463090572424	0	4979	0x0	0x0	1	1	1	512	1	1	1	_ZN4vllm30reshape_and_cache_flash_kernelI13__nv_bfloat16S1_LNS_18Fp8KVCacheDataTypeE0EEEvPKT_S5_PT0_S7_PKlllllliiiPKfSB_i
0x29393f90	4	0x35040a40	47125	720463090585031	0	4979	0x0	0x0	1	1	1	512	1	1	1	_ZN4vllm30reshape_and_cache_flash_kernelI13__nv_bfloat16S1_LNS_18Fp8KVCacheDataTypeE0EEEvPKT_S5_PT0_S7_PKlllllliiiPKfSB_i
0x29393f90	4	0x35047240	47138	720463090596951	0	4979	0x0	0x0	1	1	1	512	1	1	1	_ZN4vllm30reshape_and_cache_flash_kernelI13__nv_bfloat16S1_LNS_18Fp8KVCacheDataTypeE0EEEvPKT_S5_PT0_S7_PKlllllliiiPKfSB_i
0x29393f90	4	0x3504da40	47151	720463090606535	0	4979	0x0	0x0	1	1	1	512	1	1	1	_ZN4vllm30reshape_and_cache_flash_kernelI13__nv_bfloat16S1_LNS_18Fp8KVCacheDataTypeE0EEEvPKT_S5_PT0_S7_PKlllllliiiPKfSB_i
0x29393f90	4	0x35054250	47164	720463090621383	0	4979	0x0	0x0	1	1	1	512	1	1	1	_ZN4vllm30reshape_and_cache_flash_kernelI13__nv_bfloat16S1_LNS_18Fp8KVCacheDataTypeE0EEEvPKT_S5_PT0_S7_PKlllllliiiPKfSB_i
0x29393f90	4	0x3505aa50	47177	720463090634375	0	4979	0x0	0x0	1	1	1	512	1	1	1	_ZN4vllm30reshape_and_cache_flash_kernelI13__nv_bfloat16S1_LNS_18Fp8KVCacheDataTypeE0EEEvPKT_S5_PT0_S7_PKlllllliiiPKfSB_i
0x29393f90	4	0x35061250	47190	720463090645479	0	4979	0x0	0x0	1	1	1	512	1	1	1	_ZN4vllm30reshape_and_cache_flash_kernelI13__nv_bfloat16S1_LNS_18Fp8KVCacheDataTypeE0EEEvPKT_S5_PT0_S7_PKlllllliiiPKfSB_i
0x29393f90	4	0x35067a50	47203	720463090654375	0	4979	0x0	0x0	1	1	1	512	1	1	1	_ZN4vllm30reshape_and_cache_flash_kernelI13__nv_bfloat16S1_LNS_18Fp8KVCacheDataTypeE0EEEvPKT_S5_PT0_S7_PKlllllliiiPKfSB_i
0x29393f90	4	0x3506e250	47216	720463090665639	0	4979	0x0	0x0	1	1	1	512	1	1	1	_ZN4vllm30reshape_and_cache_flash_kernelI13__nv_bfloat16S1_LNS_18Fp8KVCacheDataTypeE0EEEvPKT_S5_PT0_S7_PKlllllliiiPKfSB_i
0x29393f90	5	0x34f6c090	46709	720463208443933	0	4979	0x0	0x0	1	1	1	512	1	1	1	_ZN4vllm30reshape_and_cache_flash_kernelI13__nv_bfloat16S1_LNS_18Fp8KVCacheDataTypeE0EEEvPKT_S5_PT0_S7_PKlllllliiiPKfSB_i
0x29393f90	5	0x34f72890	46722	720463208480236	0	4979	0x0	0x0	1	1	1	512	1	1	1	_ZN4vllm30reshape_and_cache_flash_kernelI13__nv_bfloat16S1_LNS_18Fp8KVCacheDataTypeE0EEEvPKT_S5_PT0_S7_PKlllllliiiPKfSB_i
0x29393f90	5	0x34f79090	46735	720463208504764	0	4979	0x0	0x0	1	1	1	512	1	1	1	_ZN4vllm30reshape_and_cache_flash_kernelI13__nv_bfloat16S1_LNS_18Fp8KVCacheDataTypeE0EEEvPKT_S5_PT0_S7_PKlllllliiiPKfSB_i
0x29393f90	5	0x34f7f890	46748	720463208529372	0	4979	0x0	0x0	1	1	1	512	1	1	1	_ZN4vllm30reshape_and_cache_flash_kernelI13__nv_bfloat16S1_LNS_18Fp8KVCacheDataTypeE0EEEvPKT_S5_PT0_S7_PKlllllliiiPKfSB_i
0x29393f90	5	0x34f86090	46761	720463208543692	0	4979	0x0	0x0	1	1	1	512	1	1	1	_ZN4vllm30reshape_and_cache_flash_kernelI13__nv_bfloat16S1_LNS_18Fp8KVCacheDataTypeE0EEEvPKT_S5_PT0_S7_PKlllllliiiPKfSB_i
0x29393f90	5	0x34f8c890	46774	720463208559884	0	4979	0x0	0x0	1	1	1	512	1	1	1	_ZN4vllm30reshape_and_cache_flash_kernelI13__nv_bfloat16S1_LNS_18Fp8KVCacheDataTypeE0EEEvPKT_S5_PT0_S7_PKlllllliiiPKfSB_i
0x29393f90	5	0x34f97a20	46787	720463208574716	0	4979	0x0	0x0	1	1	1	512	1	1	1	_ZN4vllm30reshape_and_cache_flash_kernelI13__nv_bfloat16S1_LNS_18Fp8KVCacheDataTypeE0EEEvPKT_S5_PT0_S7_PKlllllliiiPKfSB_i
0x29393f90	5	0x34f9e220	46800	720463208589596	0	4979	0x0	0x0	1	1	1	512	1	1	1	_ZN4vllm30reshape_and_cache_flash_kernelI13__nv_bfloat16S1_LNS_18Fp8KVCacheDataTypeE0EEEvPKT_S5_PT0_S7_PKlllllliiiPKfSB_i
0x29393f90	5	0x34fa4a20	46813	720463208602139	0	4979	0x0	0x0	1	1	1	512	1	1	1	_ZN4vllm30reshape_and_cache_flash_kernelI13__nv_bfloat16S1_LNS_18Fp8KVCacheDataTypeE0EEEvPKT_S5_PT0_S7_PKlllllliiiPKfSB_i
0x29393f90	5	0x34fab220	46826	720463208614379	0	4979	0x0	0x0	1	1	1	512	1	1	1	_ZN4vllm30reshape_and_cache_flash_kernelI13__nv_bfloat16S1_LNS_18Fp8KVCacheDataTypeE0EEEvPKT_S5_PT0_S7_PKlllllliiiPKfSB_i
0x29393f90	5	0x34fb1a20	46839	720463208628635	0	4979	0x0	0x0	1	1	1	512	1	1	1	_ZN4vllm30reshape_and_cache_flash_kernelI13__nv_bfloat16S1_LNS_18Fp8KVCacheDataTypeE0EEEvPKT_S5_PT0_S7_PKlllllliiiPKfSB_i
0x29393f90	5	0x34fb8220	46852	720463208639739	0	4979	0x0	0x0	1	1	1	512	1	1	1	_ZN4vllm30reshape_and_cache_flash_kernelI13__nv_bfloat16S1_LNS_18Fp8KVCacheDataTypeE0EEEvPKT_S5_PT0_S7_PKlllllliiiPKfSB_i
0x29393f90	5	0x34fbea20	46865	720463208649883	0	4979	0x0	0x0	1	1	1	512	1	1	1	_ZN4vllm30reshape_and_cache_flash_kernelI13__nv_bfloat16S1_LNS_18Fp8KVCacheDataTypeE0EEEvPKT_S5_PT0_S7_PKlllllliiiPKfSB_i
0x29393f90	5	0x34fc5220	46878	720463208660907	0	4979	0x0	0x0	1	1	1	512	1	1	1	_ZN4vllm30reshape_and_cache_flash_kernelI13__nv_bfloat16S1_LNS_18Fp8KVCacheDataTypeE0EEEvPKT_S5_PT0_S7_PKlllllliiiPKfSB_i
0x29393f90	5	0x34fcba20	46891	720463208673899	0	4979	0x0	0x0	1	1	1	512	1	1	1	_ZN4vllm30reshape_and_cache_flash_kernelI13__nv_bfloat16S1_LNS_18Fp8KVCacheDataTypeE0EEEvPKT_S5_PT0_S7_PKlllllliiiPKfSB_i
0x29393f90	5	0x34fd2220	46904	720463208687659	0	4979	0x0	0x0	1	1	1	512	1	1	1	_ZN4vllm30reshape_and_cache_flash_kernelI13__nv_bfloat16S1_LNS_18Fp8KVCacheDataTypeE0EEEvPKT_S5_PT0_S7_PKlllllliiiPKfSB_i
0x29393f90	5	0x34fd8a30	46917	720463208697003	0	4979	0x0	0x0	1	1	1	512	1	1	1	_ZN4vllm30reshape_and_cache_flash_kernelI13__nv_bfloat16S1_LNS_18Fp8KVCacheDataTypeE0EEEvPKT_S5_PT0_S7_PKlllllliiiPKfSB_i
0x29393f90	5	0x34fdf230	46930	720463208708571	0	4979	0x0	0x0	1	1	1	512	1	1	1	_ZN4vllm30reshape_and_cache_flash_kernelI13__nv_bfloat16S1_LNS_18Fp8KVCacheDataTypeE0EEEvPKT_S5_PT0_S7_PKlllllliiiPKfSB_i
0x29393f90	5	0x34fe5a30	46943	720463208721051	0	4979	0x0	0x0	1	1	1	512	1	1	1	_ZN4vllm30reshape_and_cache_flash_kernelI13__nv_bfloat16S1_LNS_18Fp8KVCacheDataTypeE0EEEvPKT_S5_PT0_S7_PKlllllliiiPKfSB_i
0x29393f90	5	0x34fec230	46956	720463208733802	0	4979	0x0	0x0	1	1	1	512	1	1	1	_ZN4vllm30reshape_and_cache_flash_kernelI13__nv_bfloat16S1_LNS_18Fp8KVCacheDataTypeE0EEEvPKT_S5_PT0_S7_PKlllllliiiPKfSB_i
0x29393f90	5	0x34ff2a30	46969	720463208747098	0	4979	0x0	0x0	1	1	1	512	1	1	1	_ZN4vllm30reshape_and_cache_flash_kernelI13__nv_bfloat16S1_LNS_18Fp8KVCacheDataTypeE0EEEvPKT_S5_PT0_S7_PKlllllliiiPKfSB_i
0x29393f90	5	0x34ff9230	46982	720463208757514	0	4979	0x0	0x0	1	1	1	512	1	1	1	_ZN4vllm30reshape_and_cache_flash_kernelI13__nv_bfloat16S1_LNS_18Fp8KVCacheDataTypeE0EEEvPKT_S5_PT0_S7_PKlllllliiiPKfSB_i
0x29393f90	5	0x34fffa30	46995	720463208794394	0	4979	0x0	0x0	1	1	1	512	1	1	1	_ZN4vllm30reshape_and_cache_flash_kernelI13__nv_bfloat16S1_LNS_18Fp8KVCacheDataTypeE0EEEvPKT_S5_PT0_S7_PKlllllliiiPKfSB_i
0x29393f90	5	0x35006230	47008	720463208810554	0	4979	0x0	0x0	1	1	1	512	1	1	1	_ZN4vllm30reshape_and_cache_flash_kernelI13__nv_bfloat16S1_LNS_18Fp8KVCacheDataTypeE0EEEvPKT_S5_PT0_S7_PKlllllliiiPKfSB_i
0x29393f90	5	0x3500ca30	47021	720463208822170	0	4979	0x0	0x0	1	1	1	512	1	1	1	_ZN4vllm30reshape_and_cache_flash_kernelI13__nv_bfloat16S1_LNS_18Fp8KVCacheDataTypeE0EEEvPKT_S5_PT0_S7_PKlllllliiiPKfSB_i
0x29393f90	5	0x35013230	47034	720463208833066	0	4979	0x0	0x0	1	1	1	512	1	1	1	_ZN4vllm30reshape_and_cache_flash_kernelI13__nv_bfloat16S1_LNS_18Fp8KVCacheDataTypeE0EEEvPKT_S5_PT0_S7_PKlllllliiiPKfSB_i
0x29393f90	5	0x35019a40	47047	720463208847626	0	4979	0x0	0x0	1	1	1	512	1	1	1	_ZN4vllm30reshape_and_cache_flash_kernelI13__nv_bfloat16S1_LNS_18Fp8KVCacheDataTypeE0EEEvPKT_S5_PT0_S7_PKlllllliiiPKfSB_i
0x29393f90	5	0x35020240	47060	720463208856842	0	4979	0x0	0x0	1	1	1	512	1	1	1	_ZN4vllm30reshape_and_cache_flash_kernelI13__nv_bfloat16S1_LNS_18Fp8KVCacheDataTypeE0EEEvPKT_S5_PT0_S7_PKlllllliiiPKfSB_i
0x29393f90	5	0x35026a40	47073	720463208865833	0	4979	0x0	0x0	1	1	1	512	1	1	1	_ZN4vllm30reshape_and_cache_flash_kernelI13__nv_bfloat16S1_LNS_18Fp8KVCacheDataTypeE0EEEvPKT_S5_PT0_S7_PKlllllliiiPKfSB_i
0x29393f90	5	0x3502d240	47086	720463208875193	0	4979	0x0	0x0	1	1	1	512	1	1	1	_ZN4vllm30reshape_and_cache_flash_kernelI13__nv_bfloat16S1_LNS_18Fp8KVCacheDataTypeE0EEEvPKT_S5_PT0_S7_PKlllllliiiPKfSB_i
0x29393f90	5	0x35033a40	47099	720463208886009	0	4979	0x0	0x0	1	1	1	512	1	1	1	_ZN4vllm30reshape_and_cache_flash_kernelI13__nv_bfloat16S1_LNS_18Fp8KVCacheDataTypeE0EEEvPKT_S5_PT0_S7_PKlllllliiiPKfSB_i
0x29393f90	5	0x3503a240	47112	720463208897497	0	4979	0x0	0x0	1	1	1	512	1	1	1	_ZN4vllm30reshape_and_cache_flash_kernelI13__nv_bfloat16S1_LNS_18Fp8KVCacheDataTypeE0EEEvPKT_S5_PT0_S7_PKlllllliiiPKfSB_i
0x29393f90	5	0x35040a40	47125	720463208909737	0	4979	0x0	0x0	1	1	1	512	1	1	1	_ZN4vllm30reshape_and_cache_flash_kernelI13__nv_bfloat16S1_LNS_18Fp8KVCacheDataTypeE0EEEvPKT_S5_PT0_S7_PKlllllliiiPKfSB_i
0x29393f90	5	0x35047240	47138	720463208921113	0	4979	0x0	0x0	1	1	1	512	1	1	1	_ZN4vllm30reshape_and_cache_flash_kernelI13__nv_bfloat16S1_LNS_18Fp8KVCacheDataTypeE0EEEvPKT_S5_PT0_S7_PKlllllliiiPKfSB_i
0x29393f90	5	0x3504da40	47151	720463208931849	0	4979	0x0	0x0	1	1	1	512	1	1	1	_ZN4vllm30reshape_and_cache_flash_kernelI13__nv_bfloat16S1_LNS_18Fp8KVCacheDataTypeE0EEEvPKT_S5_PT0_S7_PKlllllliiiPKfSB_i
0x29393f90	5	0x35054250	47164	720463208945161	0	4979	0x0	0x0	1	1	1	512	1	1	1	_ZN4vllm30reshape_and_cache_flash_kernelI13__nv_bfloat16S1_LNS_18Fp8KVCacheDataTypeE0EEEvPKT_S5_PT0_S7_PKlllllliiiPKfSB_i
0x29393f90	5	0x3505aa50	47177	720463208956569	0	4979	0x0	0x0	1	1	1	512	1	1	1	_ZN4vllm30reshape_and_cache_flash_kernelI13__nv_bfloat16S1_LNS_18Fp8KVCacheDataTypeE0EEEvPKT_S5_PT0_S7_PKlllllliiiPKfSB_i
0x29393f90	5	0x35061250	47190	720463208968601	0	4979	0x0	0x0	1	1	1	512	1	1	1	_ZN4vllm30reshape_and_cache_flash_kernelI13__nv_bfloat16S1_LNS_18Fp8KVCacheDataTypeE0EEEvPKT_S5_PT0_S7_PKlllllliiiPKfSB_i
0x29393f90	5	0x35067a50	47203	720463208978025	0	4979	0x0	0x0	1	1	1	512	1	1	1	_ZN4vllm30reshape_and_cache_flash_kernelI13__nv_bfloat16S1_LNS_18Fp8KVCacheDataTypeE0EEEvPKT_S5_PT0_S7_PKlllllliiiPKfSB_i
0x29393f90	5	0x3506e250	47216	720463208990905	0	4979	0x0	0x0	1	1	1	512	1	1	1	_ZN4vllm30reshape_and_cache_flash_kernelI13__nv_bfloat16S1_LNS_18Fp8KVCacheDataTypeE0EEEvPKT_S5_PT0_S7_PKlllllliiiPKfSB_i
0x29393f90	6	0x34f6c090	46709	720463326796222	0	4979	0x0	0x0	1	1	1	512	1	1	1	_ZN4vllm30reshape_and_cache_flash_kernelI13__nv_bfloat16S1_LNS_18Fp8KVCacheDataTypeE0EEEvPKT_S5_PT0_S7_PKlllllliiiPKfSB_i
0x29393f90	6	0x34f72890	46722	720463326838318	0	4979	0x0	0x0	1	1	1	512	1	1	1	_ZN4vllm30reshape_and_cache_flash_kernelI13__nv_bfloat16S1_LNS_18Fp8KVCacheDataTypeE0EEEvPKT_S5_PT0_S7_PKlllllliiiPKfSB_i
0x29393f90	6	0x34f79090	46735	720463326865262	0	4979	0x0	0x0	1	1	1	512	1	1	1	_ZN4vllm30reshape_and_cache_flash_kernelI13__nv_bfloat16S1_LNS_18Fp8KVCacheDataTypeE0EEEvPKT_S5_PT0_S7_PKlllllliiiPKfSB_i
0x29393f90	6	0x34f7f890	46748	720463326885582	0	4979	0x0	0x0	1	1	1	512	1	1	1	_ZN4vllm30reshape_and_cache_flash_kernelI13__nv_bfloat16S1_LNS_18Fp8KVCacheDataTypeE0EEEvPKT_S5_PT0_S7_PKlllllliiiPKfSB_i
0x29393f90	6	0x34f86090	46761	720463326912941	0	4979	0x0	0x0	1	1	1	512	1	1	1	_ZN4vllm30reshape_and_cache_flash_kernelI13__nv_bfloat16S1_LNS_18Fp8KVCacheDataTypeE0EEEvPKT_S5_PT0_S7_PKlllllliiiPKfSB_i
0x29393f90	6	0x34f8c890	46774	720463326936973	0	4979	0x0	0x0	1	1	1	512	1	1	1	_ZN4vllm30reshape_and_cache_flash_kernelI13__nv_bfloat16S1_LNS_18Fp8KVCacheDataTypeE0EEEvPKT_S5_PT0_S7_PKlllllliiiPKfSB_i
0x29393f90	6	0x34f97a20	46787	720463326956381	0	4979	0x0	0x0	1	1	1	512	1	1	1	_ZN4vllm30reshape_and_cache_flash_kernelI13__nv_bfloat16S1_LNS_18Fp8KVCacheDataTypeE0EEEvPKT_S5_PT0_S7_PKlllllliiiPKfSB_i
0x29393f90	6	0x34f9e220	46800	720463326977677	0	4979	0x0	0x0	1	1	1	512	1	1	1	_ZN4vllm30reshape_and_cache_flash_kernelI13__nv_bfloat16S1_LNS_18Fp8KVCacheDataTypeE0EEEvPKT_S5_PT0_S7_PKlllllliiiPKfSB_i
0x29393f90	6	0x34fa4a20	46813	720463326994237	0	4979	0x0	0x0	1	1	1	512	1	1	1	_ZN4vllm30reshape_and_cache_flash_kernelI13__nv_bfloat16S1_LNS_18Fp8KVCacheDataTypeE0EEEvPKT_S5_PT0_S7_PKlllllliiiPKfSB_i
0x29393f90	6	0x34fab220	46826	720463327021965	0	4979	0x0	0x0	1	1	1	512	1	1	1	_ZN4vllm30reshape_and_cache_flash_kernelI13__nv_bfloat16S1_LNS_18Fp8KVCacheDataTypeE0EEEvPKT_S5_PT0_S7_PKlllllliiiPKfSB_i
0x29393f90	6	0x34fb1a20	46839	720463327040188	0	4979	0x0	0x0	1	1	1	512	1	1	1	_ZN4vllm30reshape_and_cache_flash_kernelI13__nv_bfloat16S1_LNS_18Fp8KVCacheDataTypeE0EEEvPKT_S5_PT0_S7_PKlllllliiiPKfSB_i
0x29393f90	6	0x34fb8220	46852	720463327052220	0	4979	0x0	0x0	1	1	1	512	1	1	1	_ZN4vllm30reshape_and_cache_flash_kernelI13__nv_bfloat16S1_LNS_18Fp8KVCacheDataTypeE0EEEvPKT_S5_PT0_S7_PKlllllliiiPKfSB_i
0x29393f90	6	0x34fbea20	46865	720463327065244	0	4979	0x0	0x0	1	1	1	512	1	1	1	_ZN4vllm30reshape_and_cache_flash_kernelI13__nv_bfloat16S1_LNS_18Fp8KVCacheDataTypeE0EEEvPKT_S5_PT0_S7_PKlllllliiiPKfSB_i
0x29393f90	6	0x34fc5220	46878	720463327077836	0	4979	0x0	0x0	1	1	1	512	1	1	1	_ZN4vllm30reshape_and_cache_flash_kernelI13__nv_bfloat16S1_LNS_18Fp8KVCacheDataTypeE0EEEvPKT_S5_PT0_S7_PKlllllliiiPKfSB_i
0x29393f90	6	0x34fcba20	46891	720463327092108	0	4979	0x0	0x0	1	1	1	512	1	1	1	_ZN4vllm30reshape_and_cache_flash_kernelI13__nv_bfloat16S1_LNS_18Fp8KVCacheDataTypeE0EEEvPKT_S5_PT0_S7_PKlllllliiiPKfSB_i
0x29393f90	6	0x34fd2220	46904	720463327104732	0	4979	0x0	0x0	1	1	1	512	1	1	1	_ZN4vllm30reshape_and_cache_flash_kernelI13__nv_bfloat16S1_LNS_18Fp8KVCacheDataTypeE0EEEvPKT_S5_PT0_S7_PKlllllliiiPKfSB_i
0x29393f90	6	0x34fd8a30	46917	720463327115868	0	4979	0x0	0x0	1	1	1	512	1	1	1	_ZN4vllm30reshape_and_cache_flash_kernelI13__nv_bfloat16S1_LNS_18Fp8KVCacheDataTypeE0EEEvPKT_S5_PT0_S7_PKlllllliiiPKfSB_i
0x29393f90	6	0x34fdf230	46930	720463327128140	0	4979	0x0	0x0	1	1	1	512	1	1	1	_ZN4vllm30reshape_and_cache_flash_kernelI13__nv_bfloat16S1_LNS_18Fp8KVCacheDataTypeE0EEEvPKT_S5_PT0_S7_PKlllllliiiPKfSB_i
0x29393f90	6	0x34fe5a30	46943	720463327141084	0	4979	0x0	0x0	1	1	1	512	1	1	1	_ZN4vllm30reshape_and_cache_flash_kernelI13__nv_bfloat16S1_LNS_18Fp8KVCacheDataTypeE0EEEvPKT_S5_PT0_S7_PKlllllliiiPKfSB_i
0x29393f90	6	0x34fec230	46956	720463327154907	0	4979	0x0	0x0	1	1	1	512	1	1	1	_ZN4vllm30reshape_and_cache_flash_kernelI13__nv_bfloat16S1_LNS_18Fp8KVCacheDataTypeE0EEEvPKT_S5_PT0_S7_PKlllllliiiPKfSB_i
0x29393f90	6	0x34ff2a30	46969	720463327167579	0	4979	0x0	0x0	1	1	1	512	1	1	1	_ZN4vllm30reshape_and_cache_flash_kernelI13__nv_bfloat16S1_LNS_18Fp8KVCacheDataTypeE0EEEvPKT_S5_PT0_S7_PKlllllliiiPKfSB_i
0x29393f90	6	0x34ff9230	46982	720463327180171	0	4979	0x0	0x0	1	1	1	512	1	1	1	_ZN4vllm30reshape_and_cache_flash_kernelI13__nv_bfloat16S1_LNS_18Fp8KVCacheDataTypeE0EEEvPKT_S5_PT0_S7_PKlllllliiiPKfSB_i
0x29393f90	6	0x34fffa30	46995	720463327194267	0	4979	0x0	0x0	1	1	1	512	1	1	1	_ZN4vllm30reshape_and_cache_flash_kernelI13__nv_bfloat16S1_LNS_18Fp8KVCacheDataTypeE0EEEvPKT_S5_PT0_S7_PKlllllliiiPKfSB_i
0x29393f90	6	0x35006230	47008	720463327214139	0	4979	0x0	0x0	1	1	1	512	1	1	1	_ZN4vllm30reshape_and_cache_flash_kernelI13__nv_bfloat16S1_LNS_18Fp8KVCacheDataTypeE0EEEvPKT_S5_PT0_S7_PKlllllliiiPKfSB_i
0x29393f90	6	0x3500ca30	47021	720463327226971	0	4979	0x0	0x0	1	1	1	512	1	1	1	_ZN4vllm30reshape_and_cache_flash_kernelI13__nv_bfloat16S1_LNS_18Fp8KVCacheDataTypeE0EEEvPKT_S5_PT0_S7_PKlllllliiiPKfSB_i
0x29393f90	6	0x35013230	47034	720463327264971	0	4979	0x0	0x0	1	1	1	512	1	1	1	_ZN4vllm30reshape_and_cache_flash_kernelI13__nv_bfloat16S1_LNS_18Fp8KVCacheDataTypeE0EEEvPKT_S5_PT0_S7_PKlllllliiiPKfSB_i
0x29393f90	6	0x35019a40	47047	720463327281387	0	4979	0x0	0x0	1	1	1	512	1	1	1	_ZN4vllm30reshape_and_cache_flash_kernelI13__nv_bfloat16S1_LNS_18Fp8KVCacheDataTypeE0EEEvPKT_S5_PT0_S7_PKlllllliiiPKfSB_i
0x29393f90	6	0x35020240	47060	720463327296986	0	4979	0x0	0x0	1	1	1	512	1	1	1	_ZN4vllm30reshape_and_cache_flash_kernelI13__nv_bfloat16S1_LNS_18Fp8KVCacheDataTypeE0EEEvPKT_S5_PT0_S7_PKlllllliiiPKfSB_i
0x29393f90	6	0x35026a40	47073	720463327308474	0	4979	0x0	0x0	1	1	1	512	1	1	1	_ZN4vllm30reshape_and_cache_flash_kernelI13__nv_bfloat16S1_LNS_18Fp8KVCacheDataTypeE0EEEvPKT_S5_PT0_S7_PKlllllliiiPKfSB_i
0x29393f90	6	0x3502d240	47086	720463327320618	0	4979	0x0	0x0	1	1	1	512	1	1	1	_ZN4vllm30reshape_and_cache_flash_kernelI13__nv_bfloat16S1_LNS_18Fp8KVCacheDataTypeE0EEEvPKT_S5_PT0_S7_PKlllllliiiPKfSB_i
0x29393f90	6	0x35033a40	47099	720463327331290	0	4979	0x0	0x0	1	1	1	512	1	1	1	_ZN4vllm30reshape_and_cache_flash_kernelI13__nv_bfloat16S1_LNS_18Fp8KVCacheDataTypeE0EEEvPKT_S5_PT0_S7_PKlllllliiiPKfSB_i
0x29393f90	6	0x3503a240	47112	720463327343258	0	4979	0x0	0x0	1	1	1	512	1	1	1	_ZN4vllm30reshape_and_cache_flash_kernelI13__nv_bfloat16S1_LNS_18Fp8KVCacheDataTypeE0EEEvPKT_S5_PT0_S7_PKlllllliiiPKfSB_i
0x29393f90	6	0x35040a40	47125	720463327359418	0	4979	0x0	0x0	1	1	1	512	1	1	1	_ZN4vllm30reshape_and_cache_flash_kernelI13__nv_bfloat16S1_LNS_18Fp8KVCacheDataTypeE0EEEvPKT_S5_PT0_S7_PKlllllliiiPKfSB_i
0x29393f90	6	0x35047240	47138	720463327372042	0	4979	0x0	0x0	1	1	1	512	1	1	1	_ZN4vllm30reshape_and_cache_flash_kernelI13__nv_bfloat16S1_LNS_18Fp8KVCacheDataTypeE0EEEvPKT_S5_PT0_S7_PKlllllliiiPKfSB_i
0x29393f90	6	0x3504da40	47151	720463327382746	0	4979	0x0	0x0	1	1	1	512	1	1	1	_ZN4vllm30reshape_and_cache_flash_kernelI13__nv_bfloat16S1_LNS_18Fp8KVCacheDataTypeE0EEEvPKT_S5_PT0_S7_PKlllllliiiPKfSB_i
0x29393f90	6	0x35054250	47164	720463327395498	0	4979	0x0	0x0	1	1	1	512	1	1	1	_ZN4vllm30reshape_and_cache_flash_kernelI13__nv_bfloat16S1_LNS_18Fp8KVCacheDataTypeE0EEEvPKT_S5_PT0_S7_PKlllllliiiPKfSB_i
0x29393f90	6	0x3505aa50	47177	720463327410250	0	4979	0x0	0x0	1	1	1	512	1	1	1	_ZN4vllm30reshape_and_cache_flash_kernelI13__nv_bfloat16S1_LNS_18Fp8KVCacheDataTypeE0EEEvPKT_S5_PT0_S7_PKlllllliiiPKfSB_i
0x29393f90	6	0x35061250	47190	720463327421577	0	4979	0x0	0x0	1	1	1	512	1	1	1	_ZN4vllm30reshape_and_cache_flash_kernelI13__nv_bfloat16S1_LNS_18Fp8KVCacheDataTypeE0EEEvPKT_S5_PT0_S7_PKlllllliiiPKfSB_i
0x29393f90	6	0x35067a50	47203	720463327431097	0	4979	0x0	0x0	1	1	1	512	1	1	1	_ZN4vllm30reshape_and_cache_flash_kernelI13__nv_bfloat16S1_LNS_18Fp8KVCacheDataTypeE0EEEvPKT_S5_PT0_S7_PKlllllliiiPKfSB_i
0x29393f90	6	0x3506e250	47216	720463327440841	0	4979	0x0	0x0	1	1	1	512	1	1	1	_ZN4vllm30reshape_and_cache_flash_kernelI13__nv_bfloat16S1_LNS_18Fp8KVCacheDataTypeE0EEEvPKT_S5_PT0_S7_PKlllllliiiPKfSB_i
0x29393f90	7	0x34f6c090	46709	720463445679244	0	4979	0x0	0x0	1	1	1	512	1	1	1	_ZN4vllm30reshape_and_cache_flash_kernelI13__nv_bfloat16S1_LNS_18Fp8KVCacheDataTypeE0EEEvPKT_S5_PT0_S7_PKlllllliiiPKfSB_i
0x29393f90	7	0x34f72890	46722	720463445717147	0	4979	0x0	0x0	1	1	1	512	1	1	1	_ZN4vllm30reshape_and_cache_flash_kernelI13__nv_bfloat16S1_LNS_18Fp8KVCacheDataTypeE0EEEvPKT_S5_PT0_S7_PKlllllliiiPKfSB_i
0x29393f90	7	0x34f79090	46735	720463445735323	0	4979	0x0	0x0	1	1	1	512	1	1	1	_ZN4vllm30reshape_and_cache_flash_kernelI13__nv_bfloat16S1_LNS_18Fp8KVCacheDataTypeE0EEEvPKT_S5_PT0_S7_PKlllllliiiPKfSB_i
0x29393f90	7	0x34f7f890	46748	720463445758075	0	4979	0x0	0x0	1	1	1	512	1	1	1	_ZN4vllm30reshape_and_cache_flash_kernelI13__nv_bfloat16S1_LNS_18Fp8KVCacheDataTypeE0EEEvPKT_S5_PT0_S7_PKlllllliiiPKfSB_i
0x29393f90	7	0x34f86090	46761	720463445775467	0	4979	0x0	0x0	1	1	1	512	1	1	1	_ZN4vllm30reshape_and_cache_flash_kernelI13__nv_bfloat16S1_LNS_18Fp8KVCacheDataTypeE0EEEvPKT_S5_PT0_S7_PKlllllliiiPKfSB_i
0x29393f90	7	0x34f8c890	46774	720463445786395	0	4979	0x0	0x0	1	1	1	512	1	1	1	_ZN4vllm30reshape_and_cache_flash_kernelI13__nv_bfloat16S1_LNS_18Fp8KVCacheDataTypeE0EEEvPKT_S5_PT0_S7_PKlllllliiiPKfSB_i
0x29393f90	7	0x34f97a20	46787	720463445798763	0	4979	0x0	0x0	1	1	1	512	1	1	1	_ZN4vllm30reshape_and_cache_flash_kernelI13__nv_bfloat16S1_LNS_18Fp8KVCacheDataTypeE0EEEvPKT_S5_PT0_S7_PKlllllliiiPKfSB_i
0x29393f90	7	0x34f9e220	46800	720463445815131	0	4979	0x0	0x0	1	1	1	512	1	1	1	_ZN4vllm30reshape_and_cache_flash_kernelI13__nv_bfloat16S1_LNS_18Fp8KVCacheDataTypeE0EEEvPKT_S5_PT0_S7_PKlllllliiiPKfSB_i
0x29393f90	7	0x34fa4a20	46813	720463445828091	0	4979	0x0	0x0	1	1	1	512	1	1	1	_ZN4vllm30reshape_and_cache_flash_kernelI13__nv_bfloat16S1_LNS_18Fp8KVCacheDataTypeE0EEEvPKT_S5_PT0_S7_PKlllllliiiPKfSB_i
0x29393f90	7	0x34fab220	46826	720463445839930	0	4979	0x0	0x0	1	1	1	512	1	1	1	_ZN4vllm30reshape_and_cache_flash_kernelI13__nv_bfloat16S1_LNS_18Fp8KVCacheDataTypeE0EEEvPKT_S5_PT0_S7_PKlllllliiiPKfSB_i
0x29393f90	7	0x34fb1a20	46839	720463445855530	0	4979	0x0	0x0	1	1	1	512	1	1	1	_ZN4vllm30reshape_and_cache_flash_kernelI13__nv_bfloat16S1_LNS_18Fp8KVCacheDataTypeE0EEEvPKT_S5_PT0_S7_PKlllllliiiPKfSB_i
0x29393f90	7	0x34fb8220	46852	720463445866906	0	4979	0x0	0x0	1	1	1	512	1	1	1	_ZN4vllm30reshape_and_cache_flash_kernelI13__nv_bfloat16S1_LNS_18Fp8KVCacheDataTypeE0EEEvPKT_S5_PT0_S7_PKlllllliiiPKfSB_i
0x29393f90	7	0x34fbea20	46865	720463445878218	0	4979	0x0	0x0	1	1	1	512	1	1	1	_ZN4vllm30reshape_and_cache_flash_kernelI13__nv_bfloat16S1_LNS_18Fp8KVCacheDataTypeE0EEEvPKT_S5_PT0_S7_PKlllllliiiPKfSB_i
0x29393f90	7	0x34fc5220	46878	720463445890202	0	4979	0x0	0x0	1	1	1	512	1	1	1	_ZN4vllm30reshape_and_cache_flash_kernelI13__nv_bfloat16S1_LNS_18Fp8KVCacheDataTypeE0EEEvPKT_S5_PT0_S7_PKlllllliiiPKfSB_i
0x29393f90	7	0x34fcba20	46891	720463445903770	0	4979	0x0	0x0	1	1	1	512	1	1	1	_ZN4vllm30reshape_and_cache_flash_kernelI13__nv_bfloat16S1_LNS_18Fp8KVCacheDataTypeE0EEEvPKT_S5_PT0_S7_PKlllllliiiPKfSB_i
0x29393f90	7	0x34fd2220	46904	720463445914266	0	4979	0x0	0x0	1	1	1	512	1	1	1	_ZN4vllm30reshape_and_cache_flash_kernelI13__nv_bfloat16S1_LNS_18Fp8KVCacheDataTypeE0EEEvPKT_S5_PT0_S7_PKlllllliiiPKfSB_i
0x29393f90	7	0x34fd8a30	46917	720463445924138	0	4979	0x0	0x0	1	1	1	512	1	1	1	_ZN4vllm30reshape_and_cache_flash_kernelI13__nv_bfloat16S1_LNS_18Fp8KVCacheDataTypeE0EEEvPKT_S5_PT0_S7_PKlllllliiiPKfSB_i
0x29393f90	7	0x34fdf230	46930	720463445936010	0	4979	0x0	0x0	1	1	1	512	1	1	1	_ZN4vllm30reshape_and_cache_flash_kernelI13__nv_bfloat16S1_LNS_18Fp8KVCacheDataTypeE0EEEvPKT_S5_PT0_S7_PKlllllliiiPKfSB_i
0x29393f90	7	0x34fe5a30	46943	720463445946906	0	4979	0x0	0x0	1	1	1	512	1	1	1	_ZN4vllm30reshape_and_cache_flash_kernelI13__nv_bfloat16S1_LNS_18Fp8KVCacheDataTypeE0EEEvPKT_S5_PT0_S7_PKlllllliiiPKfSB_i
0x29393f90	7	0x34fec230	46956	720463445959418	0	4979	0x0	0x0	1	1	1	512	1	1	1	_ZN4vllm30reshape_and_cache_flash_kernelI13__nv_bfloat16S1_LNS_18Fp8KVCacheDataTypeE0EEEvPKT_S5_PT0_S7_PKlllllliiiPKfSB_i
0x29393f90	7	0x34ff2a30	46969	720463445970201	0	4979	0x0	0x0	1	1	1	512	1	1	1	_ZN4vllm30reshape_and_cache_flash_kernelI13__nv_bfloat16S1_LNS_18Fp8KVCacheDataTypeE0EEEvPKT_S5_PT0_S7_PKlllllliiiPKfSB_i
0x29393f90	7	0x34ff9230	46982	720463445980409	0	4979	0x0	0x0	1	1	1	512	1	1	1	_ZN4vllm30reshape_and_cache_flash_kernelI13__nv_bfloat16S1_LNS_18Fp8KVCacheDataTypeE0EEEvPKT_S5_PT0_S7_PKlllllliiiPKfSB_i
0x29393f90	7	0x34fffa30	46995	720463445991081	0	4979	0x0	0x0	1	1	1	512	1	1	1	_ZN4vllm30reshape_and_cache_flash_kernelI13__nv_bfloat16S1_LNS_18Fp8KVCacheDataTypeE0EEEvPKT_S5_PT0_S7_PKlllllliiiPKfSB_i
0x29393f90	7	0x35006230	47008	720463446008281	0	4979	0x0	0x0	1	1	1	512	1	1	1	_ZN4vllm30reshape_and_cache_flash_kernelI13__nv_bfloat16S1_LNS_18Fp8KVCacheDataTypeE0EEEvPKT_S5_PT0_S7_PKlllllliiiPKfSB_i
0x29393f90	7	0x3500ca30	47021	720463446021481	0	4979	0x0	0x0	1	1	1	512	1	1	1	_ZN4vllm30reshape_and_cache_flash_kernelI13__nv_bfloat16S1_LNS_18Fp8KVCacheDataTypeE0EEEvPKT_S5_PT0_S7_PKlllllliiiPKfSB_i
0x29393f90	7	0x35013230	47034	720463446034457	0	4979	0x0	0x0	1	1	1	512	1	1	1	_ZN4vllm30reshape_and_cache_flash_kernelI13__nv_bfloat16S1_LNS_18Fp8KVCacheDataTypeE0EEEvPKT_S5_PT0_S7_PKlllllliiiPKfSB_i
0x29393f90	7	0x35019a40	47047	720463446046713	0	4979	0x0	0x0	1	1	1	512	1	1	1	_ZN4vllm30reshape_and_cache_flash_kernelI13__nv_bfloat16S1_LNS_18Fp8KVCacheDataTypeE0EEEvPKT_S5_PT0_S7_PKlllllliiiPKfSB_i
0x29393f90	7	0x35020240	47060	720463446077577	0	4979	0x0	0x0	1	1	1	512	1	1	1	_ZN4vllm30reshape_and_cache_flash_kernelI13__nv_bfloat16S1_LNS_18Fp8KVCacheDataTypeE0EEEvPKT_S5_PT0_S7_PKlllllliiiPKfSB_i
0x29393f90	7	0x35026a40	47073	720463446090697	0	4979	0x0	0x0	1	1	1	512	1	1	1	_ZN4vllm30reshape_and_cache_flash_kernelI13__nv_bfloat16S1_LNS_18Fp8KVCacheDataTypeE0EEEvPKT_S5_PT0_S7_PKlllllliiiPKfSB_i
0x29393f90	7	0x3502d240	47086	720463446105512	0	4979	0x0	0x0	1	1	1	512	1	1	1	_ZN4vllm30reshape_and_cache_flash_kernelI13__nv_bfloat16S1_LNS_18Fp8KVCacheDataTypeE0EEEvPKT_S5_PT0_S7_PKlllllliiiPKfSB_i
0x29393f90	7	0x35033a40	47099	720463446118168	0	4979	0x0	0x0	1	1	1	512	1	1	1	_ZN4vllm30reshape_and_cache_flash_kernelI13__nv_bfloat16S1_LNS_18Fp8KVCacheDataTypeE0EEEvPKT_S5_PT0_S7_PKlllllliiiPKfSB_i
0x29393f90	7	0x3503a240	47112	720463446130040	0	4979	0x0	0x0	1	1	1	512	1	1	1	_ZN4vllm30reshape_and_cache_flash_kernelI13__nv_bfloat16S1_LNS_18Fp8KVCacheDataTypeE0EEEvPKT_S5_PT0_S7_PKlllllliiiPKfSB_i
0x29393f90	7	0x35040a40	47125	720463446141336	0	4979	0x0	0x0	1	1	1	512	1	1	1	_ZN4vllm30reshape_and_cache_flash_kernelI13__nv_bfloat16S1_LNS_18Fp8KVCacheDataTypeE0EEEvPKT_S5_PT0_S7_PKlllllliiiPKfSB_i
0x29393f90	7	0x35047240	47138	720463446153192	0	4979	0x0	0x0	1	1	1	512	1	1	1	_ZN4vllm30reshape_and_cache_flash_kernelI13__nv_bfloat16S1_LNS_18Fp8KVCacheDataTypeE0EEEvPKT_S5_PT0_S7_PKlllllliiiPKfSB_i
0x29393f90	7	0x3504da40	47151	720463446165688	0	4979	0x0	0x0	1	1	1	512	1	1	1	_ZN4vllm30reshape_and_cache_flash_kernelI13__nv_bfloat16S1_LNS_18Fp8KVCacheDataTypeE0EEEvPKT_S5_PT0_S7_PKlllllliiiPKfSB_i
0x29393f90	7	0x35054250	47164	720463446183400	0	4979	0x0	0x0	1	1	1	512	1	1	1	_ZN4vllm30reshape_and_cache_flash_kernelI13__nv_bfloat16S1_LNS_18Fp8KVCacheDataTypeE0EEEvPKT_S5_PT0_S7_PKlllllliiiPKfSB_i
0x29393f90	7	0x3505aa50	47177	720463446200920	0	4979	0x0	0x0	1	1	1	512	1	1	1	_ZN4vllm30reshape_and_cache_flash_kernelI13__nv_bfloat16S1_LNS_18Fp8KVCacheDataTypeE0EEEvPKT_S5_PT0_S7_PKlllllliiiPKfSB_i
0x29393f90	7	0x35061250	47190	720463446213848	0	4979	0x0	0x0	1	1	1	512	1	1	1	_ZN4vllm30reshape_and_cache_flash_kernelI13__nv_bfloat16S1_LNS_18Fp8KVCacheDataTypeE0EEEvPKT_S5_PT0_S7_PKlllllliiiPKfSB_i
0x29393f90	7	0x35067a50	47203	720463446224584	0	4979	0x0	0x0	1	1	1	512	1	1	1	_ZN4vllm30reshape_and_cache_flash_kernelI13__nv_bfloat16S1_LNS_18Fp8KVCacheDataTypeE0EEEvPKT_S5_PT0_S7_PKlllllliiiPKfSB_i
0x29393f90	7	0x3506e250	47216	720463446236151	0	4979	0x0	0x0	1	1	1	512	1	1	1	_ZN4vllm30reshape_and_cache_flash_kernelI13__nv_bfloat16S1_LNS_18Fp8KVCacheDataTypeE0EEEvPKT_S5_PT0_S7_PKlllllliiiPKfSB_i
