step	phase	prefill_tokens	decode_tokens	active	requests	step_wall_ms	kernels	kernel_sum_ms	gpu_busy_union_ms	first_gpu_lag_ms	last_gpu_to_step_end_ms	forward_gpu_ms	postprocess_gpu_ms	request_ids
129	prefill	25	0	1	1	145.884612	457	129.408960	129.382176	0.495702	14.465742	120.147648	9.228416	0x9311b5198e7a83b4
130	mixed	269	1	8	8	287.564794	455	168.695616	168.606976	118.485674	0.198032	162.138432	6.518912	0x9311b5198e7a83b4;0xdaafe35b11723fe5;0xdfdf1bad5067ccd1;0x651e56e3f9c400cd;0xbb3ea31a7cc7ef17;0x40dd9b10699bda7d;0xd7fd5e891295a6f8;0x5cc0ebc1647db955
131	decode	0	8	8	8	275.255229	575	120.669568	120.611904	154.148610	0.430235	114.073760	6.555936	0x9311b5198e7a83b4;0xdaafe35b11723fe5;0xdfdf1bad5067ccd1;0x651e56e3f9c400cd;0xbb3ea31a7cc7ef17;0x40dd9b10699bda7d;0xd7fd5e891295a6f8;0x5cc0ebc1647db955
132	decode	0	8	8	8	241.335959	575	120.884608	120.838080	120.247440	0.191111	114.343104	6.501344	0x9311b5198e7a83b4;0xdaafe35b11723fe5;0xdfdf1bad5067ccd1;0x651e56e3f9c400cd;0xbb3ea31a7cc7ef17;0x40dd9b10699bda7d;0xd7fd5e891295a6f8;0x5cc0ebc1647db955
133	decode	0	8	8	8	266.440784	575	119.155776	119.112224	120.231861	27.035931	112.609664	6.505568	0x9311b5198e7a83b4;0xdaafe35b11723fe5;0xdfdf1bad5067ccd1;0x651e56e3f9c400cd;0xbb3ea31a7cc7ef17;0x40dd9b10699bda7d;0xd7fd5e891295a6f8;0x5cc0ebc1647db955
134	mixed	1031	8	9	9	512.885893	455	391.675328	391.628064	118.636473	0.220076	385.083136	6.546432	0x9311b5198e7a83b4;0xdaafe35b11723fe5;0xdfdf1bad5067ccd1;0x651e56e3f9c400cd;0xbb3ea31a7cc7ef17;0x40dd9b10699bda7d;0xd7fd5e891295a6f8;0x5cc0ebc1647db955;0xedf0c33ddf960922
135	decode	0	9	9	9	490.396924	578	123.478367	123.433311	366.721525	0.180679	116.910271	6.523904	0x9311b5198e7a83b4;0xdaafe35b11723fe5;0xdfdf1bad5067ccd1;0x651e56e3f9c400cd;0xbb3ea31a7cc7ef17;0x40dd9b10699bda7d;0xd7fd5e891295a6f8;0x5cc0ebc1647db955;0xedf0c33ddf960922
136	decode	0	9	9	9	244.208678	578	121.046976	121.002240	122.930852	0.219490	114.482816	6.519616	0x9311b5198e7a83b4;0xdaafe35b11723fe5;0xdfdf1bad5067ccd1;0x651e56e3f9c400cd;0xbb3ea31a7cc7ef17;0x40dd9b10699bda7d;0xd7fd5e891295a6f8;0x5cc0ebc1647db955;0xedf0c33ddf960922
137	decode	0	9	9	9	244.361862	578	123.308351	123.258559	120.630073	0.413613	116.746655	6.516992	0x9311b5198e7a83b4;0xdaafe35b11723fe5;0xdfdf1bad5067ccd1;0x651e56e3f9c400cd;0xbb3ea31a7cc7ef17;0x40dd9b10699bda7d;0xd7fd5e891295a6f8;0x5cc0ebc1647db955;0xedf0c33ddf960922
138	decode	0	9	9	9	243.849462	578	120.689152	120.644992	122.601358	0.547016	114.125728	6.516864	0x9311b5198e7a83b4;0xdaafe35b11723fe5;0xdfdf1bad5067ccd1;0x651e56e3f9c400cd;0xbb3ea31a7cc7ef17;0x40dd9b10699bda7d;0xd7fd5e891295a6f8;0x5cc0ebc1647db955;0xedf0c33ddf960922
139	decode	0	9	9	9	240.822311	578	120.527488	120.484000	119.758547	0.524596	113.965696	6.516704	0x9311b5198e7a83b4;0xdaafe35b11723fe5;0xdfdf1bad5067ccd1;0x651e56e3f9c400cd;0xbb3ea31a7cc7ef17;0x40dd9b10699bda7d;0xd7fd5e891295a6f8;0x5cc0ebc1647db955;0xedf0c33ddf960922
140	decode	0	9	9	9	240.954855	578	120.995168	120.945760	119.403064	0.538607	114.437312	6.513632	0x9311b5198e7a83b4;0xdaafe35b11723fe5;0xdfdf1bad5067ccd1;0x651e56e3f9c400cd;0xbb3ea31a7cc7ef17;0x40dd9b10699bda7d;0xd7fd5e891295a6f8;0x5cc0ebc1647db955;0xedf0c33ddf960922
141	decode	0	9	9	9	241.006871	578	120.607008	120.563200	119.886285	0.497002	114.046656	6.514784	0x9311b5198e7a83b4;0xdaafe35b11723fe5;0xdfdf1bad5067ccd1;0x651e56e3f9c400cd;0xbb3ea31a7cc7ef17;0x40dd9b10699bda7d;0xd7fd5e891295a6f8;0x5cc0ebc1647db955;0xedf0c33ddf960922
142	decode	0	9	9	9	240.664199	578	120.690304	120.646464	119.505137	0.458006	114.122976	6.523040	0x9311b5198e7a83b4;0xdaafe35b11723fe5;0xdfdf1bad5067ccd1;0x651e56e3f9c400cd;0xbb3ea31a7cc7ef17;0x40dd9b10699bda7d;0xd7fd5e891295a6f8;0x5cc0ebc1647db955;0xedf0c33ddf960922
143	decode	0	9	9	9	240.521159	578	120.475616	120.431584	119.688454	0.334561	113.915648	6.512832	0x9311b5198e7a83b4;0xdaafe35b11723fe5;0xdfdf1bad5067ccd1;0x651e56e3f9c400cd;0xbb3ea31a7cc7ef17;0x40dd9b10699bda7d;0xd7fd5e891295a6f8;0x5cc0ebc1647db955;0xedf0c33ddf960922
144	decode	0	9	9	9	248.435812	578	122.115584	122.071904	119.413322	6.891802	115.542304	6.525824	0x9311b5198e7a83b4;0xdaafe35b11723fe5;0xdfdf1bad5067ccd1;0x651e56e3f9c400cd;0xbb3ea31a7cc7ef17;0x40dd9b10699bda7d;0xd7fd5e891295a6f8;0x5cc0ebc1647db955;0xedf0c33ddf960922
145	decode	0	8	9	8	247.282917	577	119.927776	119.883808	121.238111	0.457798	113.378304	6.506656	0xdaafe35b11723fe5;0xdfdf1bad5067ccd1;0x651e56e3f9c400cd;0xbb3ea31a7cc7ef17;0x40dd9b10699bda7d;0xd7fd5e891295a6f8;0x5cc0ebc1647db955;0xedf0c33ddf960922
146	decode	0	1	8	1	236.096968	495	117.303648	117.303648	118.138262	0.535282	108.722784	8.555936	0xedf0c33ddf960922
147	decode	0	1	1	1	234.056632	495	117.033471	117.033471	116.362890	0.544782	108.451167	8.554080	0xedf0c33ddf960922
148	decode	0	1	1	1	234.177800	495	117.799360	117.799360	116.077614	0.187418	109.204768	8.567104	0xedf0c33ddf960922
149	decode	0	1	1	1	234.895624	495	117.771200	117.771200	116.849778	0.149942	109.168416	8.575008	0xedf0c33ddf960922
