2026/08/10 15:32:40.431, 60, 33.19, 96, [N/A]
2026/08/10 15:32:41.444, 60, 52.75, 96, [N/A]
2026/08/10 15:32:42.445, 60, 33.22, 96, [N/A]
2026/08/10 15:32:43.445, 60, 33.26, 96, [N/A]
2026/08/10 15:32:44.446, 60, 33.27, 96, [N/A]
2026/08/10 15:32:45.446, 60, 33.27, 96, [N/A]
2026/08/10 15:32:46.447, 60, 33.33, 96, [N/A]
2026/08/10 15:32:47.447, 60, 33.24, 96, [N/A]
2026/08/10 15:32:48.448, 60, 33.30, 96, [N/A]
2026/08/10 15:32:49.448, 60, 33.25, 96, [N/A]
2026/08/10 15:32:50.449, 60, 33.24, 96, [N/A]
2026/08/10 15:32:51.449, 60, 33.26, 96, [N/A]
2026/08/10 15:32:52.449, 60, 33.30, 96, [N/A]
2026/08/10 15:32:53.450, 60, 33.28, 96, [N/A]
2026/08/10 15:32:54.450, 60, 33.23, 96, [N/A]
2026/08/10 15:32:55.451, 60, 33.28, 96, [N/A]
2026/08/10 15:32:56.452, 68, 51.01, 96, [N/A]
2026/08/10 15:32:57.452, 70, 85.32, 96, [N/A]
2026/08/10 15:32:58.453, 60, 34.30, 96, [N/A]
2026/08/10 15:32:59.453, 60, 29.64, 96, [N/A]
2026/08/10 15:33:00.454, 60, 29.63, 96, [N/A]
2026/08/10 15:33:01.454, 60, 29.58, 96, [N/A]
2026/08/10 15:33:02.455, 60, 29.65, 96, [N/A]
2026/08/10 15:33:03.455, 60, 29.71, 96, [N/A]
2026/08/10 15:33:04.456, 60, 29.61, 96, [N/A]
2026/08/10 15:33:05.456, 60, 29.66, 96, [N/A]
2026/08/10 15:33:06.457, 60, 29.62, 96, [N/A]
2026/08/10 15:33:07.457, 60, 29.58, 96, [N/A]
2026/08/10 15:33:08.458, 60, 29.59, 96, [N/A]
2026/08/10 15:33:09.458, 60, 29.58, 96, [N/A]
2026/08/10 15:33:10.459, 60, 29.54, 96, [N/A]
2026/08/10 15:33:11.460, 60, 29.64, 96, [N/A]
2026/08/10 15:33:12.460, 60, 29.62, 96, [N/A]
2026/08/10 15:33:13.460, 70, 66.54, 96, [N/A]
2026/08/10 15:33:14.461, 62, 75.26, 96, [N/A]
2026/08/10 15:33:15.461, 61, 30.15, 96, [N/A]
2026/08/10 15:33:16.462, 61, 30.00, 96, [N/A]
2026/08/10 15:33:17.463, 61, 29.70, 96, [N/A]
2026/08/10 15:33:18.463, 61, 29.67, 96, [N/A]
2026/08/10 15:33:19.463, 61, 29.64, 96, [N/A]
2026/08/10 15:33:20.464, 61, 29.73, 96, [N/A]
2026/08/10 15:33:21.464, 61, 29.71, 96, [N/A]
2026/08/10 15:33:22.465, 61, 29.72, 96, [N/A]
2026/08/10 15:33:23.466, 61, 29.68, 96, [N/A]
2026/08/10 15:33:24.466, 61, 29.68, 96, [N/A]
2026/08/10 15:33:25.466, 61, 29.78, 96, [N/A]
2026/08/10 15:33:26.467, 61, 29.80, 96, [N/A]
2026/08/10 15:33:27.468, 61, 29.75, 96, [N/A]
2026/08/10 15:33:28.469, 61, 29.81, 96, [N/A]
2026/08/10 15:33:29.469, 61, 32.10, 96, [N/A]
2026/08/10 15:33:30.470, 71, 84.77, 96, [N/A]
2026/08/10 15:33:31.471, 62, 56.52, 96, [N/A]
2026/08/10 15:33:32.471, 62, 31.16, 96, [N/A]
2026/08/10 15:33:33.472, 62, 30.71, 96, [N/A]
2026/08/10 15:33:34.473, 62, 30.27, 96, [N/A]
2026/08/10 15:33:35.473, 62, 30.30, 96, [N/A]
2026/08/10 15:33:36.473, 62, 30.28, 96, [N/A]
2026/08/10 15:33:37.474, 62, 30.38, 96, [N/A]
2026/08/10 15:33:38.474, 62, 30.32, 96, [N/A]
2026/08/10 15:33:39.475, 62, 30.34, 96, [N/A]
2026/08/10 15:33:40.475, 62, 30.33, 96, [N/A]
2026/08/10 15:33:41.476, 62, 30.35, 96, [N/A]
2026/08/10 15:33:42.476, 62, 30.31, 96, [N/A]
2026/08/10 15:33:43.477, 62, 30.35, 96, [N/A]
2026/08/10 15:33:44.477, 62, 30.33, 96, [N/A]
2026/08/10 15:33:45.477, 62, 30.33, 96, [N/A]
2026/08/10 15:33:46.478, 71, 51.14, 96, [N/A]
2026/08/10 15:33:47.478, 72, 84.05, 96, [N/A]
2026/08/10 15:33:48.479, 63, 40.80, 96, [N/A]
2026/08/10 15:33:49.480, 63, 31.29, 96, [N/A]
2026/08/10 15:33:50.480, 63, 31.21, 96, [N/A]
2026/08/10 15:33:51.481, 63, 31.31, 96, [N/A]
2026/08/10 15:33:52.481, 63, 31.32, 96, [N/A]
2026/08/10 15:33:53.482, 63, 31.30, 96, [N/A]
2026/08/10 15:33:54.482, 63, 31.27, 96, [N/A]
2026/08/10 15:33:55.483, 63, 31.23, 96, [N/A]
2026/08/10 15:33:56.483, 63, 31.24, 96, [N/A]
2026/08/10 15:33:57.484, 63, 31.22, 96, [N/A]
2026/08/10 15:33:58.484, 63, 31.13, 96, [N/A]
2026/08/10 15:33:59.485, 63, 31.17, 96, [N/A]
2026/08/10 15:34:00.485, 63, 31.19, 96, [N/A]
2026/08/10 15:34:01.486, 63, 31.17, 96, [N/A]
2026/08/10 15:34:02.486, 63, 31.20, 96, [N/A]
2026/08/10 15:34:03.487, 72, 72.31, 96, [N/A]
2026/08/10 15:34:04.487, 65, 72.62, 96, [N/A]
2026/08/10 15:34:05.488, 64, 31.41, 96, [N/A]
2026/08/10 15:34:06.488, 64, 31.40, 96, [N/A]
2026/08/10 15:34:07.488, 63, 31.37, 96, [N/A]
2026/08/10 15:34:08.489, 63, 31.31, 96, [N/A]
2026/08/10 15:34:09.489, 63, 31.27, 96, [N/A]
2026/08/10 15:34:10.490, 63, 31.26, 96, [N/A]
2026/08/10 15:34:11.490, 63, 31.31, 96, [N/A]
2026/08/10 15:34:12.491, 63, 31.37, 96, [N/A]
2026/08/10 15:34:13.492, 63, 31.36, 96, [N/A]
2026/08/10 15:34:14.492, 63, 31.33, 96, [N/A]
2026/08/10 15:34:15.493, 63, 31.39, 96, [N/A]
2026/08/10 15:34:16.493, 63, 31.36, 96, [N/A]
2026/08/10 15:34:17.494, 63, 31.36, 96, [N/A]
2026/08/10 15:34:18.494, 63, 31.40, 96, [N/A]
2026/08/10 15:34:19.494, 71, 41.35, 96, [N/A]
2026/08/10 15:34:20.495, 73, 82.89, 96, [N/A]
2026/08/10 15:34:21.495, 65, 52.32, 96, [N/A]
2026/08/10 15:34:22.496, 64, 31.54, 96, [N/A]
2026/08/10 15:34:23.496, 64, 31.43, 96, [N/A]
2026/08/10 15:34:24.497, 64, 31.49, 96, [N/A]
2026/08/10 15:34:25.497, 64, 31.50, 96, [N/A]
2026/08/10 15:34:26.498, 64, 31.42, 96, [N/A]
2026/08/10 15:34:27.498, 64, 31.40, 96, [N/A]
2026/08/10 15:34:28.499, 64, 31.42, 96, [N/A]
2026/08/10 15:34:29.499, 64, 31.40, 96, [N/A]
2026/08/10 15:34:30.499, 64, 31.43, 96, [N/A]
2026/08/10 15:34:31.500, 64, 31.38, 96, [N/A]
2026/08/10 15:34:32.501, 63, 31.39, 96, [N/A]
2026/08/10 15:34:33.501, 63, 31.39, 96, [N/A]
2026/08/10 15:34:34.502, 63, 31.36, 96, [N/A]
2026/08/10 15:34:35.503, 63, 31.33, 96, [N/A]
2026/08/10 15:34:36.503, 72, 61.24, 96, [N/A]
2026/08/10 15:34:37.504, 72, 83.74, 96, [N/A]
2026/08/10 15:34:38.504, 64, 31.62, 96, [N/A]
2026/08/10 15:34:39.505, 64, 31.49, 96, [N/A]
2026/08/10 15:34:40.505, 64, 31.42, 96, [N/A]
2026/08/10 15:34:41.506, 63, 31.38, 96, [N/A]
2026/08/10 15:34:42.507, 63, 31.33, 96, [N/A]
2026/08/10 15:34:43.507, 63, 31.33, 96, [N/A]
2026/08/10 15:34:44.508, 63, 31.29, 96, [N/A]
2026/08/10 15:34:45.508, 63, 31.25, 96, [N/A]
2026/08/10 15:34:46.509, 63, 31.31, 96, [N/A]
2026/08/10 15:34:47.509, 63, 31.29, 96, [N/A]
2026/08/10 15:34:48.510, 63, 31.27, 96, [N/A]
2026/08/10 15:34:49.510, 63, 31.26, 96, [N/A]
2026/08/10 15:34:50.511, 63, 31.25, 96, [N/A]
2026/08/10 15:34:51.511, 63, 31.20, 96, [N/A]
2026/08/10 15:34:52.512, 63, 31.08, 96, [N/A]
2026/08/10 15:34:53.512, 72, 82.97, 96, [N/A]
2026/08/10 15:34:54.513, 64, 62.51, 96, [N/A]
2026/08/10 15:34:55.513, 64, 31.43, 96, [N/A]
2026/08/10 15:34:56.514, 63, 31.42, 96, [N/A]
2026/08/10 15:34:57.515, 63, 31.39, 96, [N/A]
2026/08/10 15:34:58.515, 63, 31.35, 96, [N/A]
2026/08/10 15:34:59.516, 63, 31.34, 96, [N/A]
2026/08/10 15:35:00.516, 63, 31.33, 96, [N/A]
2026/08/10 15:35:01.516, 63, 31.32, 96, [N/A]
2026/08/10 15:35:02.517, 63, 31.25, 96, [N/A]
2026/08/10 15:35:03.517, 63, 31.21, 96, [N/A]
2026/08/10 15:35:04.518, 63, 31.23, 96, [N/A]
2026/08/10 15:35:05.518, 63, 31.25, 96, [N/A]
2026/08/10 15:35:06.519, 63, 31.17, 96, [N/A]
2026/08/10 15:35:07.519, 63, 31.25, 96, [N/A]
2026/08/10 15:35:08.520, 63, 31.18, 96, [N/A]
2026/08/10 15:35:09.520, 71, 50.48, 96, [N/A]
2026/08/10 15:35:10.520, 71, 83.86, 96, [N/A]
2026/08/10 15:35:11.521, 64, 42.71, 96, [N/A]
2026/08/10 15:35:12.521, 63, 31.39, 96, [N/A]
2026/08/10 15:35:13.522, 63, 31.38, 96, [N/A]
2026/08/10 15:35:14.522, 63, 31.40, 96, [N/A]
2026/08/10 15:35:15.522, 63, 31.40, 96, [N/A]
2026/08/10 15:35:16.523, 63, 31.36, 96, [N/A]
2026/08/10 15:35:17.523, 63, 31.31, 96, [N/A]
2026/08/10 15:35:18.524, 63, 31.26, 96, [N/A]
2026/08/10 15:35:19.524, 63, 31.27, 96, [N/A]
2026/08/10 15:35:20.525, 63, 31.28, 96, [N/A]
2026/08/10 15:35:21.526, 63, 31.20, 96, [N/A]
2026/08/10 15:35:22.526, 63, 31.16, 96, [N/A]
2026/08/10 15:35:23.527, 63, 31.19, 96, [N/A]
2026/08/10 15:35:24.527, 63, 31.24, 96, [N/A]
2026/08/10 15:35:25.528, 63, 31.25, 96, [N/A]
2026/08/10 15:35:26.528, 71, 71.30, 96, [N/A]
2026/08/10 15:35:27.528, 65, 74.08, 96, [N/A]
2026/08/10 15:35:28.529, 63, 31.46, 96, [N/A]
2026/08/10 15:35:29.529, 63, 31.39, 96, [N/A]
2026/08/10 15:35:30.530, 63, 31.36, 96, [N/A]
2026/08/10 15:35:31.530, 63, 31.34, 96, [N/A]
2026/08/10 15:35:32.530, 63, 31.33, 96, [N/A]
2026/08/10 15:35:33.531, 63, 31.30, 96, [N/A]
2026/08/10 15:35:34.531, 63, 31.35, 96, [N/A]
2026/08/10 15:35:35.532, 63, 31.24, 96, [N/A]
2026/08/10 15:35:36.533, 63, 31.22, 96, [N/A]
2026/08/10 15:35:37.533, 63, 31.21, 96, [N/A]
2026/08/10 15:35:38.534, 63, 31.21, 96, [N/A]
2026/08/10 15:35:39.534, 63, 31.20, 96, [N/A]
2026/08/10 15:35:40.535, 63, 31.20, 96, [N/A]
2026/08/10 15:35:41.535, 63, 31.22, 96, [N/A]
2026/08/10 15:35:42.535, 70, 38.92, 96, [N/A]
2026/08/10 15:35:43.536, 72, 83.78, 96, [N/A]
2026/08/10 15:35:44.536, 64, 53.80, 96, [N/A]
2026/08/10 15:35:45.537, 63, 31.41, 96, [N/A]
2026/08/10 15:35:46.538, 63, 31.36, 96, [N/A]
2026/08/10 15:35:47.538, 63, 31.33, 96, [N/A]
2026/08/10 15:35:48.539, 63, 31.30, 96, [N/A]
2026/08/10 15:35:49.539, 63, 31.29, 96, [N/A]
2026/08/10 15:35:50.540, 63, 31.32, 96, [N/A]
2026/08/10 15:35:51.540, 63, 31.25, 96, [N/A]
2026/08/10 15:35:52.541, 63, 31.33, 96, [N/A]
2026/08/10 15:35:53.542, 63, 31.35, 96, [N/A]
2026/08/10 15:35:54.542, 63, 31.32, 96, [N/A]
2026/08/10 15:35:55.543, 63, 31.34, 96, [N/A]
2026/08/10 15:35:56.543, 63, 31.34, 96, [N/A]
2026/08/10 15:35:57.544, 63, 31.31, 96, [N/A]
2026/08/10 15:35:58.544, 63, 31.28, 96, [N/A]
2026/08/10 15:35:59.545, 70, 60.25, 96, [N/A]
2026/08/10 15:36:00.546, 71, 83.98, 96, [N/A]
2026/08/10 15:36:01.546, 63, 31.93, 96, [N/A]
2026/08/10 15:36:02.547, 63, 31.37, 96, [N/A]
2026/08/10 15:36:03.547, 63, 31.47, 96, [N/A]
2026/08/10 15:36:04.548, 63, 31.38, 96, [N/A]
2026/08/10 15:36:05.548, 63, 31.38, 96, [N/A]
2026/08/10 15:36:06.549, 63, 31.37, 96, [N/A]
2026/08/10 15:36:07.550, 63, 31.27, 96, [N/A]
2026/08/10 15:36:08.550, 63, 31.29, 96, [N/A]
2026/08/10 15:36:09.551, 63, 31.29, 96, [N/A]
2026/08/10 15:36:10.552, 63, 31.30, 96, [N/A]
2026/08/10 15:36:11.552, 63, 31.30, 96, [N/A]
2026/08/10 15:36:12.553, 63, 31.26, 96, [N/A]
2026/08/10 15:36:13.553, 63, 31.23, 96, [N/A]
2026/08/10 15:36:14.554, 63, 31.24, 96, [N/A]
2026/08/10 15:36:15.554, 63, 31.09, 96, [N/A]
2026/08/10 15:36:16.555, 72, 80.71, 96, [N/A]
2026/08/10 15:36:17.556, 64, 64.48, 96, [N/A]
2026/08/10 15:36:18.556, 63, 31.45, 96, [N/A]
2026/08/10 15:36:19.556, 63, 31.36, 96, [N/A]
2026/08/10 15:36:20.557, 63, 31.34, 96, [N/A]
2026/08/10 15:36:21.557, 63, 31.31, 96, [N/A]
2026/08/10 15:36:22.557, 63, 31.33, 96, [N/A]
2026/08/10 15:36:23.558, 63, 31.22, 96, [N/A]
2026/08/10 15:36:24.559, 63, 31.25, 96, [N/A]
2026/08/10 15:36:25.559, 63, 31.23, 96, [N/A]
2026/08/10 15:36:26.559, 63, 31.22, 96, [N/A]
2026/08/10 15:36:27.560, 63, 31.26, 96, [N/A]
2026/08/10 15:36:28.560, 63, 31.28, 96, [N/A]
2026/08/10 15:36:29.561, 63, 31.31, 96, [N/A]
2026/08/10 15:36:30.562, 63, 31.24, 96, [N/A]
2026/08/10 15:36:31.562, 63, 31.21, 96, [N/A]
2026/08/10 15:36:32.563, 71, 48.82, 96, [N/A]
2026/08/10 15:36:33.563, 72, 83.54, 96, [N/A]
2026/08/10 15:36:34.563, 64, 44.09, 96, [N/A]
2026/08/10 15:36:35.564, 63, 31.43, 96, [N/A]
2026/08/10 15:36:36.565, 63, 31.41, 96, [N/A]
2026/08/10 15:36:37.565, 63, 31.36, 96, [N/A]
2026/08/10 15:36:38.566, 63, 31.33, 96, [N/A]
2026/08/10 15:36:39.566, 63, 31.32, 96, [N/A]
2026/08/10 15:36:40.567, 63, 31.36, 96, [N/A]
2026/08/10 15:36:41.567, 63, 31.32, 96, [N/A]
2026/08/10 15:36:42.568, 63, 31.28, 96, [N/A]
2026/08/10 15:36:43.568, 63, 31.25, 96, [N/A]
2026/08/10 15:36:44.569, 63, 31.26, 96, [N/A]
2026/08/10 15:36:45.569, 63, 31.26, 96, [N/A]
2026/08/10 15:36:46.570, 63, 31.25, 96, [N/A]
2026/08/10 15:36:47.570, 63, 31.28, 96, [N/A]
2026/08/10 15:36:48.571, 63, 31.29, 96, [N/A]
2026/08/10 15:36:49.572, 72, 69.19, 96, [N/A]
2026/08/10 15:36:50.572, 65, 75.72, 96, [N/A]
2026/08/10 15:36:51.573, 64, 31.45, 96, [N/A]
2026/08/10 15:36:52.573, 63, 31.36, 96, [N/A]
2026/08/10 15:36:53.574, 63, 31.43, 96, [N/A]
2026/08/10 15:36:54.574, 63, 31.37, 96, [N/A]
2026/08/10 15:36:55.575, 63, 31.38, 96, [N/A]
2026/08/10 15:36:56.575, 63, 31.37, 96, [N/A]
2026/08/10 15:36:57.576, 63, 31.30, 96, [N/A]
2026/08/10 15:36:58.576, 63, 31.24, 96, [N/A]
2026/08/10 15:36:59.577, 63, 31.22, 96, [N/A]
2026/08/10 15:37:00.578, 63, 31.16, 96, [N/A]
2026/08/10 15:37:01.578, 63, 31.20, 96, [N/A]
2026/08/10 15:37:02.579, 63, 31.25, 96, [N/A]
2026/08/10 15:37:03.579, 63, 31.17, 96, [N/A]
2026/08/10 15:37:04.580, 63, 31.21, 96, [N/A]
2026/08/10 15:37:05.580, 71, 38.53, 96, [N/A]
2026/08/10 15:37:06.581, 72, 84.73, 96, [N/A]
2026/08/10 15:37:07.582, 64, 54.33, 96, [N/A]
2026/08/10 15:37:08.582, 64, 31.40, 96, [N/A]
2026/08/10 15:37:09.583, 64, 31.35, 96, [N/A]
2026/08/10 15:37:10.583, 63, 31.32, 96, [N/A]
2026/08/10 15:37:11.584, 63, 31.30, 96, [N/A]
2026/08/10 15:37:12.585, 63, 31.36, 96, [N/A]
2026/08/10 15:37:13.586, 63, 31.36, 96, [N/A]
2026/08/10 15:37:14.587, 63, 31.32, 96, [N/A]
2026/08/10 15:37:15.587, 63, 31.35, 96, [N/A]
2026/08/10 15:37:16.588, 63, 31.31, 96, [N/A]
2026/08/10 15:37:17.588, 63, 31.28, 96, [N/A]
2026/08/10 15:37:18.589, 63, 31.25, 96, [N/A]
2026/08/10 15:37:19.590, 63, 31.24, 96, [N/A]
2026/08/10 15:37:20.590, 63, 31.27, 96, [N/A]
2026/08/10 15:37:21.591, 63, 31.30, 96, [N/A]
2026/08/10 15:37:22.591, 71, 58.96, 96, [N/A]
2026/08/10 15:37:23.592, 72, 84.27, 96, [N/A]
2026/08/10 15:37:24.593, 64, 33.87, 96, [N/A]
2026/08/10 15:37:25.593, 64, 31.43, 96, [N/A]
2026/08/10 15:37:26.594, 64, 31.39, 96, [N/A]
2026/08/10 15:37:27.594, 63, 31.40, 96, [N/A]
2026/08/10 15:37:28.595, 63, 31.39, 96, [N/A]
2026/08/10 15:37:29.595, 63, 31.38, 96, [N/A]
2026/08/10 15:37:30.596, 63, 31.35, 96, [N/A]
2026/08/10 15:37:31.597, 63, 31.45, 96, [N/A]
2026/08/10 15:37:32.597, 63, 31.34, 96, [N/A]
2026/08/10 15:37:33.597, 63, 31.31, 96, [N/A]
2026/08/10 15:37:34.598, 63, 31.32, 96, [N/A]
2026/08/10 15:37:35.598, 63, 31.27, 96, [N/A]
2026/08/10 15:37:36.599, 63, 31.35, 96, [N/A]
2026/08/10 15:37:37.600, 63, 31.33, 96, [N/A]
2026/08/10 15:37:38.600, 63, 31.26, 96, [N/A]
2026/08/10 15:37:39.601, 72, 79.25, 96, [N/A]
2026/08/10 15:37:40.601, 64, 65.97, 96, [N/A]
2026/08/10 15:37:41.602, 64, 31.38, 96, [N/A]
2026/08/10 15:37:42.602, 64, 31.47, 96, [N/A]
2026/08/10 15:37:43.603, 64, 31.30, 96, [N/A]
2026/08/10 15:37:44.603, 64, 31.36, 96, [N/A]
2026/08/10 15:37:45.604, 63, 31.39, 96, [N/A]
2026/08/10 15:37:46.605, 63, 31.37, 96, [N/A]
2026/08/10 15:37:47.605, 63, 31.36, 96, [N/A]
2026/08/10 15:37:48.606, 63, 31.29, 96, [N/A]
2026/08/10 15:37:49.606, 63, 31.30, 96, [N/A]
2026/08/10 15:37:50.607, 63, 31.36, 96, [N/A]
2026/08/10 15:37:51.608, 63, 31.33, 96, [N/A]
2026/08/10 15:37:52.608, 63, 31.30, 96, [N/A]
2026/08/10 15:37:53.609, 63, 31.36, 96, [N/A]
2026/08/10 15:37:54.609, 63, 31.29, 96, [N/A]
2026/08/10 15:37:55.609, 72, 48.53, 96, [N/A]
2026/08/10 15:37:56.610, 73, 84.05, 96, [N/A]
2026/08/10 15:37:57.611, 64, 44.76, 96, [N/A]
2026/08/10 15:37:58.612, 64, 31.51, 96, [N/A]
2026/08/10 15:37:59.612, 64, 31.48, 96, [N/A]
2026/08/10 15:38:00.612, 64, 31.46, 96, [N/A]
2026/08/10 15:38:01.613, 64, 31.47, 96, [N/A]
2026/08/10 15:38:02.613, 64, 31.44, 96, [N/A]
2026/08/10 15:38:03.613, 64, 31.41, 96, [N/A]
2026/08/10 15:38:04.614, 63, 31.37, 96, [N/A]
2026/08/10 15:38:05.614, 63, 31.35, 96, [N/A]
2026/08/10 15:38:06.615, 63, 31.38, 96, [N/A]
2026/08/10 15:38:07.615, 63, 31.37, 96, [N/A]
2026/08/10 15:38:08.616, 63, 31.44, 96, [N/A]
2026/08/10 15:38:09.616, 63, 31.41, 96, [N/A]
2026/08/10 15:38:10.617, 63, 31.42, 96, [N/A]
2026/08/10 15:38:11.618, 63, 31.36, 96, [N/A]
2026/08/10 15:38:12.618, 72, 68.75, 96, [N/A]
2026/08/10 15:38:13.618, 65, 76.42, 96, [N/A]
2026/08/10 15:38:14.619, 64, 31.50, 96, [N/A]
2026/08/10 15:38:15.619, 64, 31.52, 96, [N/A]
2026/08/10 15:38:16.619, 64, 31.46, 96, [N/A]
2026/08/10 15:38:17.620, 64, 31.39, 96, [N/A]
2026/08/10 15:38:18.621, 64, 31.42, 96, [N/A]
2026/08/10 15:38:19.621, 64, 31.42, 96, [N/A]
2026/08/10 15:38:20.621, 64, 31.37, 96, [N/A]
2026/08/10 15:38:21.622, 64, 31.32, 96, [N/A]
2026/08/10 15:38:22.622, 64, 31.34, 96, [N/A]
2026/08/10 15:38:23.623, 63, 31.31, 96, [N/A]
2026/08/10 15:38:24.623, 63, 31.39, 96, [N/A]
2026/08/10 15:38:25.624, 63, 31.34, 96, [N/A]
2026/08/10 15:38:26.624, 63, 31.40, 96, [N/A]
2026/08/10 15:38:27.625, 63, 31.37, 96, [N/A]
2026/08/10 15:38:28.626, 71, 36.81, 96, [N/A]
2026/08/10 15:38:29.626, 73, 84.86, 96, [N/A]
2026/08/10 15:38:30.627, 64, 55.83, 96, [N/A]
2026/08/10 15:38:31.627, 64, 31.55, 96, [N/A]
2026/08/10 15:38:32.628, 64, 31.46, 96, [N/A]
2026/08/10 15:38:33.628, 64, 31.45, 96, [N/A]
2026/08/10 15:38:34.629, 64, 31.40, 96, [N/A]
2026/08/10 15:38:35.630, 64, 31.43, 96, [N/A]
2026/08/10 15:38:36.630, 64, 31.37, 96, [N/A]
2026/08/10 15:38:37.630, 64, 31.33, 96, [N/A]
2026/08/10 15:38:38.631, 64, 31.34, 96, [N/A]
2026/08/10 15:38:39.632, 64, 31.37, 96, [N/A]
2026/08/10 15:38:40.632, 64, 31.42, 96, [N/A]
2026/08/10 15:38:41.633, 64, 31.39, 96, [N/A]
2026/08/10 15:38:42.633, 63, 31.46, 96, [N/A]
2026/08/10 15:38:43.634, 63, 31.44, 96, [N/A]
2026/08/10 15:38:44.634, 63, 31.40, 96, [N/A]
2026/08/10 15:38:45.635, 72, 58.98, 96, [N/A]
2026/08/10 15:38:46.636, 73, 84.10, 96, [N/A]
2026/08/10 15:38:47.636, 64, 33.99, 96, [N/A]
2026/08/10 15:38:48.637, 64, 31.57, 96, [N/A]
2026/08/10 15:38:49.637, 64, 31.52, 96, [N/A]
2026/08/10 15:38:50.638, 64, 31.56, 96, [N/A]
2026/08/10 15:38:51.638, 64, 31.48, 96, [N/A]
2026/08/10 15:38:52.639, 64, 31.49, 96, [N/A]
2026/08/10 15:38:53.639, 64, 31.43, 96, [N/A]
2026/08/10 15:38:54.640, 64, 31.48, 96, [N/A]
2026/08/10 15:38:55.640, 64, 31.42, 96, [N/A]
2026/08/10 15:38:56.641, 64, 31.46, 96, [N/A]
2026/08/10 15:38:57.641, 64, 31.43, 96, [N/A]
2026/08/10 15:38:58.642, 64, 31.44, 96, [N/A]
2026/08/10 15:38:59.642, 64, 31.43, 96, [N/A]
2026/08/10 15:39:00.643, 64, 31.36, 96, [N/A]
2026/08/10 15:39:01.643, 63, 31.40, 96, [N/A]
2026/08/10 15:39:02.643, 73, 78.44, 96, [N/A]
2026/08/10 15:39:03.644, 65, 65.83, 96, [N/A]
2026/08/10 15:39:04.645, 64, 31.58, 96, [N/A]
2026/08/10 15:39:05.645, 64, 31.48, 96, [N/A]
2026/08/10 15:39:06.645, 64, 31.49, 96, [N/A]
2026/08/10 15:39:07.646, 64, 31.51, 96, [N/A]
2026/08/10 15:39:08.646, 64, 31.46, 96, [N/A]
2026/08/10 15:39:09.647, 64, 31.41, 96, [N/A]
2026/08/10 15:39:10.648, 64, 31.42, 96, [N/A]
2026/08/10 15:39:11.648, 64, 31.35, 96, [N/A]
2026/08/10 15:39:12.649, 64, 31.41, 96, [N/A]
2026/08/10 15:39:13.649, 64, 31.43, 96, [N/A]
2026/08/10 15:39:14.650, 64, 31.44, 96, [N/A]
2026/08/10 15:39:15.650, 64, 31.45, 96, [N/A]
2026/08/10 15:39:16.650, 64, 31.47, 96, [N/A]
2026/08/10 15:39:17.651, 64, 31.44, 96, [N/A]
2026/08/10 15:39:18.651, 72, 47.18, 96, [N/A]
2026/08/10 15:39:19.652, 72, 83.25, 96, [N/A]
2026/08/10 15:39:20.653, 65, 46.44, 96, [N/A]
2026/08/10 15:39:21.653, 64, 31.59, 96, [N/A]
2026/08/10 15:39:22.654, 64, 31.55, 96, [N/A]
2026/08/10 15:39:23.654, 64, 31.51, 96, [N/A]
2026/08/10 15:39:24.655, 64, 31.53, 96, [N/A]
2026/08/10 15:39:25.655, 64, 31.52, 96, [N/A]
2026/08/10 15:39:26.656, 64, 31.49, 96, [N/A]
2026/08/10 15:39:27.656, 64, 31.42, 96, [N/A]
2026/08/10 15:39:28.657, 64, 31.49, 96, [N/A]
2026/08/10 15:39:29.658, 64, 31.54, 96, [N/A]
2026/08/10 15:39:30.658, 64, 31.48, 96, [N/A]
2026/08/10 15:39:31.659, 64, 31.49, 96, [N/A]
2026/08/10 15:39:32.660, 64, 31.45, 96, [N/A]
2026/08/10 15:39:33.660, 64, 31.40, 96, [N/A]
2026/08/10 15:39:34.661, 64, 31.36, 96, [N/A]
2026/08/10 15:39:35.662, 73, 68.95, 96, [N/A]
2026/08/10 15:39:36.662, 67, 80.07, 96, [N/A]
2026/08/10 15:39:37.663, 64, 31.68, 96, [N/A]
2026/08/10 15:39:38.663, 64, 31.58, 96, [N/A]
2026/08/10 15:39:39.664, 64, 31.58, 96, [N/A]
2026/08/10 15:39:40.664, 64, 31.53, 96, [N/A]
2026/08/10 15:39:41.664, 64, 31.59, 96, [N/A]
2026/08/10 15:39:42.665, 64, 31.46, 96, [N/A]
2026/08/10 15:39:43.666, 64, 31.43, 96, [N/A]
2026/08/10 15:39:44.666, 64, 31.44, 96, [N/A]
2026/08/10 15:39:45.667, 63, 31.38, 96, [N/A]
2026/08/10 15:39:46.667, 63, 31.42, 96, [N/A]
2026/08/10 15:39:47.668, 63, 31.38, 96, [N/A]
2026/08/10 15:39:48.668, 63, 31.41, 96, [N/A]
2026/08/10 15:39:49.669, 63, 31.40, 96, [N/A]
2026/08/10 15:39:50.669, 63, 31.33, 96, [N/A]
2026/08/10 15:39:51.670, 63, 31.62, 96, [N/A]
2026/08/10 15:39:52.671, 60, 15.73, 0, [N/A]
2026/08/10 15:39:53.671, 60, 14.65, 0, [N/A]
2026/08/10 15:39:54.671, 59, 14.62, 0, [N/A]
2026/08/10 15:39:55.672, 59, 14.55, 0, [N/A]
2026/08/10 15:39:56.672, 59, 14.53, 0, [N/A]
2026/08/10 15:39:57.672, 62, 52.98, 96, [N/A]
2026/08/10 15:39:58.673, 62, 34.10, 96, [N/A]
2026/08/10 15:39:59.673, 62, 34.06, 96, [N/A]
2026/08/10 15:40:00.673, 62, 34.15, 96, [N/A]
2026/08/10 15:40:01.674, 62, 34.15, 96, [N/A]
2026/08/10 15:40:02.674, 63, 34.17, 96, [N/A]
2026/08/10 15:40:03.675, 63, 34.13, 96, [N/A]
2026/08/10 15:40:04.675, 63, 34.20, 96, [N/A]
2026/08/10 15:40:05.675, 63, 34.23, 96, [N/A]
2026/08/10 15:40:06.676, 63, 34.22, 96, [N/A]
2026/08/10 15:40:07.676, 63, 34.19, 96, [N/A]
2026/08/10 15:40:08.677, 63, 34.20, 96, [N/A]
2026/08/10 15:40:09.677, 63, 34.18, 96, [N/A]
2026/08/10 15:40:10.678, 63, 34.21, 96, [N/A]
2026/08/10 15:40:11.678, 63, 34.16, 96, [N/A]
2026/08/10 15:40:12.678, 64, 54.01, 96, [N/A]
2026/08/10 15:40:13.679, 64, 35.26, 96, [N/A]
2026/08/10 15:40:14.679, 64, 35.24, 96, [N/A]
2026/08/10 15:40:15.680, 64, 35.25, 96, [N/A]
2026/08/10 15:40:16.680, 64, 35.22, 96, [N/A]
2026/08/10 15:40:17.681, 64, 35.29, 96, [N/A]
2026/08/10 15:40:18.681, 64, 35.23, 96, [N/A]
2026/08/10 15:40:19.681, 64, 35.31, 96, [N/A]
2026/08/10 15:40:20.682, 64, 35.24, 96, [N/A]
2026/08/10 15:40:21.682, 64, 35.33, 96, [N/A]
2026/08/10 15:40:22.683, 64, 35.30, 96, [N/A]
2026/08/10 15:40:23.683, 64, 35.29, 96, [N/A]
2026/08/10 15:40:24.683, 64, 35.36, 96, [N/A]
2026/08/10 15:40:25.684, 64, 35.35, 96, [N/A]
2026/08/10 15:40:26.684, 64, 35.31, 96, [N/A]
2026/08/10 15:40:27.684, 72, 52.96, 96, [N/A]
2026/08/10 15:40:28.685, 64, 38.02, 96, [N/A]
2026/08/10 15:40:29.685, 64, 35.36, 96, [N/A]
2026/08/10 15:40:30.685, 64, 35.40, 96, [N/A]
2026/08/10 15:40:31.685, 64, 35.39, 96, [N/A]
2026/08/10 15:40:32.686, 64, 35.37, 96, [N/A]
2026/08/10 15:40:33.686, 64, 35.37, 96, [N/A]
2026/08/10 15:40:34.686, 64, 35.32, 96, [N/A]
2026/08/10 15:40:35.687, 64, 35.31, 96, [N/A]
2026/08/10 15:40:36.687, 64, 35.33, 96, [N/A]
2026/08/10 15:40:37.687, 64, 35.38, 96, [N/A]
2026/08/10 15:40:38.688, 64, 35.44, 96, [N/A]
2026/08/10 15:40:39.688, 64, 35.34, 96, [N/A]
2026/08/10 15:40:40.689, 64, 35.42, 96, [N/A]
2026/08/10 15:40:41.689, 64, 35.38, 96, [N/A]
2026/08/10 15:40:42.689, 70, 39.40, 88, [N/A]
2026/08/10 15:40:43.690, 64, 50.74, 96, [N/A]
2026/08/10 15:40:44.690, 64, 35.51, 96, [N/A]
2026/08/10 15:40:45.691, 64, 35.52, 96, [N/A]
2026/08/10 15:40:46.691, 64, 35.53, 96, [N/A]
2026/08/10 15:40:47.691, 64, 35.46, 96, [N/A]
2026/08/10 15:40:48.692, 64, 35.50, 96, [N/A]
2026/08/10 15:40:49.692, 64, 35.47, 96, [N/A]
2026/08/10 15:40:50.692, 64, 35.49, 96, [N/A]
2026/08/10 15:40:51.693, 64, 35.46, 96, [N/A]
2026/08/10 15:40:52.693, 64, 35.53, 96, [N/A]
2026/08/10 15:40:53.693, 64, 35.54, 96, [N/A]
2026/08/10 15:40:54.694, 64, 35.52, 96, [N/A]
2026/08/10 15:40:55.694, 64, 35.37, 96, [N/A]
2026/08/10 15:40:56.694, 64, 35.47, 96, [N/A]
2026/08/10 15:40:57.695, 64, 35.45, 96, [N/A]
2026/08/10 15:40:58.695, 65, 54.40, 96, [N/A]
2026/08/10 15:40:59.695, 65, 35.53, 96, [N/A]
2026/08/10 15:41:00.696, 65, 35.53, 96, [N/A]
2026/08/10 15:41:01.696, 65, 35.46, 96, [N/A]
2026/08/10 15:41:02.697, 65, 35.53, 96, [N/A]
2026/08/10 15:41:03.697, 65, 35.48, 96, [N/A]
2026/08/10 15:41:04.697, 65, 35.53, 96, [N/A]
2026/08/10 15:41:05.698, 65, 35.50, 96, [N/A]
2026/08/10 15:41:06.698, 65, 35.59, 96, [N/A]
2026/08/10 15:41:07.698, 65, 35.44, 96, [N/A]
2026/08/10 15:41:08.699, 65, 35.50, 96, [N/A]
2026/08/10 15:41:09.699, 65, 35.53, 96, [N/A]
2026/08/10 15:41:10.699, 65, 35.52, 96, [N/A]
2026/08/10 15:41:11.700, 65, 35.45, 96, [N/A]
2026/08/10 15:41:12.700, 65, 35.47, 96, [N/A]
2026/08/10 15:41:13.701, 66, 54.67, 96, [N/A]
2026/08/10 15:41:14.701, 65, 35.46, 96, [N/A]
2026/08/10 15:41:15.701, 65, 35.56, 96, [N/A]
2026/08/10 15:41:16.702, 65, 35.60, 96, [N/A]
2026/08/10 15:41:17.702, 65, 35.56, 96, [N/A]
2026/08/10 15:41:18.702, 65, 35.54, 96, [N/A]
2026/08/10 15:41:19.703, 65, 35.47, 96, [N/A]
2026/08/10 15:41:20.703, 65, 35.56, 96, [N/A]
2026/08/10 15:41:21.703, 65, 35.58, 96, [N/A]
2026/08/10 15:41:22.704, 65, 35.61, 96, [N/A]
2026/08/10 15:41:23.704, 65, 35.59, 96, [N/A]
2026/08/10 15:41:24.704, 65, 35.55, 96, [N/A]
2026/08/10 15:41:25.705, 65, 35.60, 96, [N/A]
2026/08/10 15:41:26.705, 65, 35.57, 96, [N/A]
2026/08/10 15:41:27.705, 65, 35.56, 96, [N/A]
2026/08/10 15:41:28.706, 73, 46.97, 96, [N/A]
2026/08/10 15:41:29.706, 65, 43.53, 96, [N/A]
2026/08/10 15:41:30.706, 65, 35.62, 96, [N/A]
2026/08/10 15:41:31.707, 65, 35.60, 96, [N/A]
2026/08/10 15:41:32.707, 65, 35.65, 96, [N/A]
2026/08/10 15:41:33.707, 65, 35.56, 96, [N/A]
2026/08/10 15:41:34.708, 65, 35.61, 96, [N/A]
2026/08/10 15:41:35.708, 65, 35.51, 96, [N/A]
2026/08/10 15:41:36.709, 65, 35.60, 96, [N/A]
2026/08/10 15:41:37.709, 65, 35.56, 96, [N/A]
2026/08/10 15:41:38.709, 65, 35.58, 96, [N/A]
2026/08/10 15:41:39.710, 65, 35.55, 96, [N/A]
2026/08/10 15:41:40.710, 65, 35.51, 96, [N/A]
2026/08/10 15:41:41.710, 65, 35.57, 96, [N/A]
2026/08/10 15:41:42.711, 65, 35.51, 96, [N/A]
2026/08/10 15:41:43.711, 65, 35.56, 96, [N/A]
2026/08/10 15:41:44.712, 65, 54.90, 96, [N/A]
2026/08/10 15:41:45.712, 65, 35.59, 96, [N/A]
2026/08/10 15:41:46.713, 65, 35.55, 96, [N/A]
2026/08/10 15:41:47.713, 65, 35.49, 96, [N/A]
2026/08/10 15:41:48.714, 65, 35.53, 96, [N/A]
2026/08/10 15:41:49.714, 65, 35.48, 96, [N/A]
2026/08/10 15:41:50.714, 65, 35.41, 96, [N/A]
2026/08/10 15:41:51.715, 65, 35.40, 96, [N/A]
2026/08/10 15:41:52.716, 64, 35.39, 96, [N/A]
2026/08/10 15:41:53.716, 64, 35.38, 96, [N/A]
2026/08/10 15:41:54.716, 64, 35.35, 96, [N/A]
2026/08/10 15:41:55.717, 64, 35.39, 96, [N/A]
2026/08/10 15:41:56.717, 64, 35.37, 96, [N/A]
2026/08/10 15:41:57.717, 64, 35.40, 96, [N/A]
2026/08/10 15:41:58.718, 64, 35.38, 96, [N/A]
2026/08/10 15:41:59.718, 73, 68.63, 96, [N/A]
2026/08/10 15:42:00.719, 73, 84.15, 96, [N/A]
2026/08/10 15:42:01.719, 74, 84.24, 96, [N/A]
2026/08/10 15:42:02.719, 66, 48.52, 96, [N/A]
2026/08/10 15:42:03.720, 65, 32.92, 96, [N/A]
2026/08/10 15:42:04.720, 65, 32.87, 96, [N/A]
2026/08/10 15:42:05.720, 65, 32.89, 96, [N/A]
2026/08/10 15:42:06.721, 65, 32.88, 96, [N/A]
2026/08/10 15:42:07.721, 65, 32.78, 96, [N/A]
2026/08/10 15:42:08.722, 65, 32.78, 96, [N/A]
2026/08/10 15:42:09.722, 65, 32.73, 96, [N/A]
2026/08/10 15:42:10.722, 65, 32.76, 96, [N/A]
2026/08/10 15:42:11.723, 65, 32.73, 96, [N/A]
2026/08/10 15:42:12.723, 65, 32.72, 96, [N/A]
2026/08/10 15:42:13.723, 65, 32.70, 96, [N/A]
2026/08/10 15:42:14.724, 65, 32.69, 96, [N/A]
2026/08/10 15:42:15.724, 65, 32.67, 96, [N/A]
2026/08/10 15:42:16.724, 65, 32.77, 96, [N/A]
2026/08/10 15:42:17.725, 73, 42.28, 96, [N/A]
2026/08/10 15:42:18.725, 73, 84.14, 96, [N/A]
2026/08/10 15:42:19.725, 73, 82.58, 96, [N/A]
2026/08/10 15:42:20.726, 67, 72.12, 96, [N/A]
2026/08/10 15:42:21.726, 66, 33.07, 96, [N/A]
2026/08/10 15:42:22.727, 66, 32.99, 96, [N/A]
2026/08/10 15:42:23.727, 66, 32.91, 96, [N/A]
2026/08/10 15:42:24.727, 65, 32.92, 96, [N/A]
2026/08/10 15:42:25.728, 65, 32.96, 96, [N/A]
2026/08/10 15:42:26.728, 65, 32.90, 96, [N/A]
2026/08/10 15:42:27.729, 65, 32.88, 96, [N/A]
2026/08/10 15:42:28.729, 65, 32.81, 96, [N/A]
2026/08/10 15:42:29.730, 65, 32.81, 96, [N/A]
2026/08/10 15:42:30.730, 65, 32.89, 96, [N/A]
2026/08/10 15:42:31.730, 65, 32.87, 96, [N/A]
2026/08/10 15:42:32.731, 65, 32.87, 96, [N/A]
2026/08/10 15:42:33.731, 65, 32.87, 96, [N/A]
2026/08/10 15:42:34.731, 65, 32.86, 96, [N/A]
2026/08/10 15:42:35.732, 65, 32.83, 96, [N/A]
2026/08/10 15:42:36.732, 74, 72.00, 96, [N/A]
2026/08/10 15:42:37.733, 74, 83.58, 96, [N/A]
2026/08/10 15:42:38.733, 73, 81.10, 96, [N/A]
2026/08/10 15:42:39.734, 66, 45.85, 96, [N/A]
2026/08/10 15:42:40.734, 66, 33.12, 96, [N/A]
2026/08/10 15:42:41.734, 66, 33.13, 96, [N/A]
2026/08/10 15:42:42.735, 66, 33.06, 96, [N/A]
2026/08/10 15:42:43.735, 66, 33.01, 96, [N/A]
2026/08/10 15:42:44.735, 66, 33.06, 96, [N/A]
2026/08/10 15:42:45.736, 66, 33.05, 96, [N/A]
2026/08/10 15:42:46.736, 66, 32.99, 96, [N/A]
2026/08/10 15:42:47.736, 66, 33.03, 96, [N/A]
2026/08/10 15:42:48.737, 65, 33.03, 96, [N/A]
2026/08/10 15:42:49.737, 65, 32.93, 96, [N/A]
2026/08/10 15:42:50.737, 65, 32.94, 96, [N/A]
2026/08/10 15:42:51.738, 65, 32.85, 96, [N/A]
2026/08/10 15:42:52.738, 65, 32.86, 96, [N/A]
2026/08/10 15:42:53.739, 65, 32.93, 96, [N/A]
2026/08/10 15:42:54.739, 73, 50.12, 96, [N/A]
2026/08/10 15:42:55.739, 74, 82.86, 96, [N/A]
2026/08/10 15:42:56.740, 75, 83.90, 96, [N/A]
2026/08/10 15:42:57.740, 67, 69.94, 96, [N/A]
2026/08/10 15:42:58.741, 66, 33.26, 96, [N/A]
2026/08/10 15:42:59.741, 66, 33.19, 96, [N/A]
2026/08/10 15:43:00.741, 66, 33.08, 96, [N/A]
2026/08/10 15:43:01.742, 66, 33.07, 96, [N/A]
2026/08/10 15:43:02.742, 66, 33.09, 96, [N/A]
2026/08/10 15:43:03.743, 66, 33.12, 96, [N/A]
2026/08/10 15:43:04.743, 66, 33.05, 96, [N/A]
2026/08/10 15:43:05.743, 66, 32.96, 96, [N/A]
2026/08/10 15:43:06.744, 66, 32.97, 96, [N/A]
2026/08/10 15:43:07.744, 66, 32.98, 96, [N/A]
2026/08/10 15:43:08.745, 66, 32.94, 96, [N/A]
2026/08/10 15:43:09.745, 66, 32.95, 96, [N/A]
2026/08/10 15:43:10.745, 65, 32.92, 96, [N/A]
2026/08/10 15:43:11.746, 65, 32.88, 96, [N/A]
2026/08/10 15:43:12.746, 65, 32.83, 96, [N/A]
2026/08/10 15:43:13.747, 74, 81.64, 96, [N/A]
2026/08/10 15:43:14.747, 75, 82.95, 96, [N/A]
2026/08/10 15:43:15.747, 75, 83.11, 96, [N/A]
2026/08/10 15:43:16.748, 67, 39.17, 96, [N/A]
2026/08/10 15:43:17.748, 67, 33.23, 96, [N/A]
2026/08/10 15:43:18.748, 66, 33.10, 96, [N/A]
2026/08/10 15:43:19.749, 66, 33.11, 96, [N/A]
2026/08/10 15:43:20.749, 66, 33.17, 96, [N/A]
2026/08/10 15:43:21.749, 66, 33.15, 96, [N/A]
2026/08/10 15:43:22.750, 66, 33.10, 96, [N/A]
2026/08/10 15:43:23.750, 66, 33.12, 96, [N/A]
2026/08/10 15:43:24.751, 66, 33.01, 96, [N/A]
2026/08/10 15:43:25.751, 66, 33.06, 96, [N/A]
2026/08/10 15:43:26.751, 66, 32.97, 96, [N/A]
2026/08/10 15:43:27.752, 66, 33.02, 96, [N/A]
2026/08/10 15:43:28.752, 66, 32.98, 96, [N/A]
2026/08/10 15:43:29.753, 66, 32.93, 96, [N/A]
2026/08/10 15:43:30.753, 66, 32.94, 96, [N/A]
2026/08/10 15:43:31.753, 74, 62.83, 96, [N/A]
2026/08/10 15:43:32.754, 75, 83.08, 96, [N/A]
2026/08/10 15:43:33.754, 75, 83.01, 96, [N/A]
2026/08/10 15:43:34.754, 67, 60.47, 96, [N/A]
2026/08/10 15:43:35.755, 67, 33.32, 96, [N/A]
2026/08/10 15:43:36.755, 67, 33.32, 96, [N/A]
2026/08/10 15:43:37.756, 67, 33.26, 96, [N/A]
2026/08/10 15:43:38.756, 66, 33.24, 96, [N/A]
2026/08/10 15:43:39.756, 66, 33.26, 96, [N/A]
2026/08/10 15:43:40.757, 66, 33.18, 96, [N/A]
2026/08/10 15:43:41.757, 66, 33.13, 96, [N/A]
2026/08/10 15:43:42.758, 66, 33.07, 96, [N/A]
2026/08/10 15:43:43.758, 66, 33.09, 96, [N/A]
2026/08/10 15:43:44.758, 66, 33.08, 96, [N/A]
2026/08/10 15:43:45.759, 66, 33.06, 96, [N/A]
2026/08/10 15:43:46.759, 66, 33.04, 96, [N/A]
2026/08/10 15:43:47.759, 66, 33.04, 96, [N/A]
2026/08/10 15:43:48.760, 66, 33.03, 96, [N/A]
2026/08/10 15:43:49.760, 74, 48.00, 96, [N/A]
2026/08/10 15:43:50.761, 72, 80.47, 96, [N/A]
2026/08/10 15:43:51.761, 75, 83.05, 96, [N/A]
2026/08/10 15:43:52.762, 70, 77.22, 96, [N/A]
2026/08/10 15:43:53.762, 67, 33.48, 96, [N/A]
2026/08/10 15:43:54.762, 67, 33.39, 96, [N/A]
2026/08/10 15:43:55.763, 67, 33.26, 96, [N/A]
2026/08/10 15:43:56.763, 67, 33.21, 96, [N/A]
2026/08/10 15:43:57.764, 67, 33.19, 96, [N/A]
2026/08/10 15:43:58.764, 67, 33.15, 96, [N/A]
2026/08/10 15:43:59.764, 66, 33.10, 96, [N/A]
2026/08/10 15:44:00.765, 66, 33.10, 96, [N/A]
2026/08/10 15:44:01.765, 66, 33.11, 96, [N/A]
2026/08/10 15:44:02.766, 66, 33.07, 96, [N/A]
2026/08/10 15:44:03.766, 66, 33.07, 96, [N/A]
2026/08/10 15:44:04.766, 66, 33.06, 96, [N/A]
2026/08/10 15:44:05.767, 66, 32.96, 96, [N/A]
2026/08/10 15:44:06.767, 66, 32.99, 96, [N/A]
2026/08/10 15:44:07.768, 66, 32.94, 96, [N/A]
2026/08/10 15:44:08.768, 74, 80.33, 96, [N/A]
2026/08/10 15:44:09.768, 75, 82.69, 96, [N/A]
2026/08/10 15:44:10.768, 76, 82.41, 96, [N/A]
2026/08/10 15:44:11.769, 68, 45.55, 96, [N/A]
2026/08/10 15:44:12.769, 67, 33.38, 96, [N/A]
2026/08/10 15:44:13.770, 67, 33.31, 96, [N/A]
2026/08/10 15:44:14.770, 67, 33.22, 96, [N/A]
2026/08/10 15:44:15.770, 67, 33.18, 96, [N/A]
2026/08/10 15:44:16.771, 67, 33.17, 96, [N/A]
2026/08/10 15:44:17.771, 67, 33.17, 96, [N/A]
2026/08/10 15:44:18.772, 66, 33.13, 96, [N/A]
2026/08/10 15:44:19.772, 66, 33.15, 96, [N/A]
2026/08/10 15:44:20.772, 66, 33.22, 96, [N/A]
2026/08/10 15:44:21.773, 66, 33.11, 96, [N/A]
2026/08/10 15:44:22.773, 66, 33.11, 96, [N/A]
2026/08/10 15:44:23.773, 66, 33.17, 96, [N/A]
2026/08/10 15:44:24.774, 66, 33.07, 96, [N/A]
2026/08/10 15:44:25.774, 66, 33.08, 96, [N/A]
2026/08/10 15:44:26.775, 75, 67.62, 96, [N/A]
2026/08/10 15:44:27.775, 74, 82.58, 96, [N/A]
2026/08/10 15:44:28.776, 76, 82.67, 96, [N/A]
2026/08/10 15:44:29.776, 68, 58.03, 96, [N/A]
2026/08/10 15:44:30.776, 67, 33.44, 96, [N/A]
2026/08/10 15:44:31.782, 67, 33.40, 96, [N/A]
2026/08/10 15:44:32.783, 67, 33.36, 96, [N/A]
2026/08/10 15:44:33.783, 67, 33.32, 96, [N/A]
2026/08/10 15:44:34.783, 67, 33.31, 96, [N/A]
2026/08/10 15:44:35.783, 67, 33.32, 96, [N/A]
2026/08/10 15:44:36.786, 67, 33.28, 96, [N/A]
2026/08/10 15:44:37.786, 67, 33.23, 96, [N/A]
2026/08/10 15:44:38.787, 67, 33.16, 96, [N/A]
2026/08/10 15:44:39.787, 66, 33.22, 96, [N/A]
2026/08/10 15:44:40.788, 66, 33.21, 96, [N/A]
2026/08/10 15:44:41.788, 66, 33.19, 96, [N/A]
2026/08/10 15:44:42.788, 66, 33.17, 96, [N/A]
2026/08/10 15:44:43.788, 66, 33.17, 96, [N/A]
2026/08/10 15:44:44.789, 74, 54.80, 96, [N/A]
2026/08/10 15:44:45.789, 75, 83.25, 96, [N/A]
2026/08/10 15:44:46.789, 75, 81.96, 96, [N/A]
2026/08/10 15:44:47.790, 68, 71.16, 96, [N/A]
2026/08/10 15:44:48.790, 68, 33.53, 96, [N/A]
2026/08/10 15:44:49.790, 67, 33.42, 96, [N/A]
2026/08/10 15:44:50.791, 67, 33.34, 96, [N/A]
2026/08/10 15:44:51.791, 67, 33.32, 96, [N/A]
2026/08/10 15:44:52.791, 67, 33.26, 96, [N/A]
2026/08/10 15:44:53.792, 67, 33.30, 96, [N/A]
2026/08/10 15:44:54.792, 67, 33.20, 96, [N/A]
2026/08/10 15:44:55.792, 67, 33.27, 96, [N/A]
2026/08/10 15:44:56.792, 67, 33.30, 96, [N/A]
2026/08/10 15:44:57.793, 67, 33.29, 96, [N/A]
2026/08/10 15:44:58.793, 67, 33.23, 96, [N/A]
2026/08/10 15:44:59.793, 66, 33.22, 96, [N/A]
2026/08/10 15:45:00.794, 66, 33.19, 96, [N/A]
2026/08/10 15:45:01.794, 66, 33.14, 96, [N/A]
2026/08/10 15:45:02.795, 74, 42.62, 96, [N/A]
2026/08/10 15:45:03.795, 75, 83.15, 96, [N/A]
2026/08/10 15:45:04.795, 75, 82.52, 96, [N/A]
2026/08/10 15:45:05.796, 76, 82.62, 96, [N/A]
2026/08/10 15:45:06.796, 68, 35.63, 96, [N/A]
2026/08/10 15:45:07.797, 68, 33.50, 96, [N/A]
2026/08/10 15:45:08.797, 67, 33.47, 96, [N/A]
2026/08/10 15:45:09.797, 67, 33.43, 96, [N/A]
2026/08/10 15:45:10.798, 67, 33.33, 96, [N/A]
2026/08/10 15:45:11.798, 67, 33.35, 96, [N/A]
2026/08/10 15:45:12.799, 67, 33.30, 96, [N/A]
2026/08/10 15:45:13.799, 67, 33.33, 96, [N/A]
2026/08/10 15:45:14.800, 67, 33.35, 96, [N/A]
2026/08/10 15:45:15.800, 67, 33.33, 96, [N/A]
2026/08/10 15:45:16.801, 67, 33.30, 96, [N/A]
2026/08/10 15:45:17.801, 67, 33.26, 96, [N/A]
2026/08/10 15:45:18.802, 67, 33.30, 96, [N/A]
2026/08/10 15:45:19.802, 67, 33.31, 96, [N/A]
2026/08/10 15:45:20.802, 66, 33.21, 96, [N/A]
2026/08/10 15:45:21.803, 74, 77.97, 96, [N/A]
2026/08/10 15:45:22.803, 76, 82.57, 96, [N/A]
2026/08/10 15:45:23.804, 76, 82.48, 96, [N/A]
2026/08/10 15:45:24.804, 68, 48.11, 96, [N/A]
2026/08/10 15:45:25.804, 68, 33.56, 96, [N/A]
2026/08/10 15:45:26.805, 67, 33.49, 96, [N/A]
2026/08/10 15:45:27.805, 67, 33.45, 96, [N/A]
2026/08/10 15:45:28.805, 67, 33.39, 96, [N/A]
2026/08/10 15:45:29.806, 67, 33.34, 96, [N/A]
2026/08/10 15:45:30.806, 67, 33.34, 96, [N/A]
2026/08/10 15:45:31.807, 67, 33.35, 96, [N/A]
2026/08/10 15:45:32.807, 67, 33.25, 96, [N/A]
2026/08/10 15:45:33.807, 67, 33.18, 96, [N/A]
2026/08/10 15:45:34.808, 67, 33.16, 96, [N/A]
2026/08/10 15:45:35.808, 67, 33.28, 96, [N/A]
2026/08/10 15:45:36.809, 67, 33.30, 96, [N/A]
2026/08/10 15:45:37.809, 67, 33.26, 96, [N/A]
2026/08/10 15:45:38.809, 67, 33.28, 96, [N/A]
2026/08/10 15:45:39.810, 76, 66.43, 96, [N/A]
2026/08/10 15:45:40.810, 69, 85.77, 96, [N/A]
2026/08/10 15:45:41.811, 67, 32.27, 96, [N/A]
2026/08/10 15:45:42.811, 67, 32.09, 96, [N/A]
2026/08/10 15:45:43.812, 67, 32.01, 96, [N/A]
2026/08/10 15:45:44.812, 66, 31.94, 96, [N/A]
2026/08/10 15:45:45.812, 66, 31.97, 96, [N/A]
2026/08/10 15:45:46.813, 66, 31.98, 96, [N/A]
2026/08/10 15:45:47.813, 66, 32.00, 96, [N/A]
2026/08/10 15:45:48.814, 66, 31.94, 96, [N/A]
2026/08/10 15:45:49.814, 66, 31.87, 96, [N/A]
2026/08/10 15:45:50.815, 66, 31.84, 96, [N/A]
2026/08/10 15:45:51.816, 66, 31.78, 96, [N/A]
2026/08/10 15:45:52.816, 66, 31.82, 96, [N/A]
2026/08/10 15:45:53.817, 65, 31.79, 96, [N/A]
2026/08/10 15:45:54.818, 65, 31.79, 96, [N/A]
2026/08/10 15:45:55.818, 65, 31.85, 96, [N/A]
2026/08/10 15:45:56.819, 62, 17.91, 0, [N/A]
2026/08/10 15:45:57.819, 62, 15.19, 0, [N/A]
2026/08/10 15:45:58.819, 61, 15.13, 0, [N/A]
2026/08/10 15:45:59.820, 61, 15.11, 0, [N/A]
2026/08/10 15:46:00.820, 61, 15.10, 0, [N/A]
2026/08/10 15:46:01.821, 65, 52.55, 96, [N/A]
2026/08/10 15:46:02.821, 65, 35.50, 96, [N/A]
2026/08/10 15:46:03.821, 65, 35.54, 96, [N/A]
2026/08/10 15:46:04.822, 65, 35.58, 96, [N/A]
2026/08/10 15:46:05.822, 65, 35.48, 96, [N/A]
2026/08/10 15:46:06.822, 65, 35.62, 96, [N/A]
2026/08/10 15:46:07.823, 65, 35.64, 96, [N/A]
2026/08/10 15:46:08.823, 65, 35.68, 96, [N/A]
2026/08/10 15:46:09.824, 65, 35.68, 96, [N/A]
2026/08/10 15:46:10.824, 65, 35.72, 96, [N/A]
2026/08/10 15:46:11.824, 65, 35.67, 96, [N/A]
2026/08/10 15:46:12.824, 65, 35.72, 96, [N/A]
2026/08/10 15:46:13.825, 65, 35.62, 96, [N/A]
2026/08/10 15:46:14.825, 65, 35.80, 96, [N/A]
2026/08/10 15:46:15.826, 65, 35.71, 96, [N/A]
2026/08/10 15:46:16.826, 66, 54.47, 96, [N/A]
2026/08/10 15:46:17.827, 66, 35.78, 96, [N/A]
2026/08/10 15:46:18.827, 66, 35.74, 96, [N/A]
2026/08/10 15:46:19.827, 65, 35.70, 96, [N/A]
2026/08/10 15:46:20.828, 66, 35.76, 96, [N/A]
2026/08/10 15:46:21.828, 65, 35.67, 96, [N/A]
2026/08/10 15:46:22.829, 66, 35.78, 96, [N/A]
2026/08/10 15:46:23.829, 65, 35.80, 96, [N/A]
2026/08/10 15:46:24.830, 66, 35.62, 96, [N/A]
2026/08/10 15:46:25.830, 66, 35.82, 96, [N/A]
2026/08/10 15:46:26.830, 66, 35.75, 96, [N/A]
2026/08/10 15:46:27.831, 66, 35.72, 96, [N/A]
2026/08/10 15:46:28.831, 66, 35.82, 96, [N/A]
2026/08/10 15:46:29.831, 66, 35.76, 96, [N/A]
2026/08/10 15:46:30.832, 66, 35.82, 96, [N/A]
2026/08/10 15:46:31.832, 74, 48.63, 96, [N/A]
2026/08/10 15:46:32.832, 66, 41.91, 96, [N/A]
2026/08/10 15:46:33.833, 66, 35.86, 96, [N/A]
2026/08/10 15:46:34.833, 66, 35.78, 96, [N/A]
2026/08/10 15:46:35.834, 66, 35.83, 96, [N/A]
2026/08/10 15:46:36.834, 66, 35.91, 96, [N/A]
2026/08/10 15:46:37.834, 66, 35.78, 96, [N/A]
2026/08/10 15:46:38.835, 66, 35.86, 96, [N/A]
2026/08/10 15:46:39.835, 66, 35.79, 96, [N/A]
2026/08/10 15:46:40.836, 66, 35.80, 96, [N/A]
2026/08/10 15:46:41.836, 66, 35.74, 96, [N/A]
2026/08/10 15:46:42.836, 66, 35.75, 96, [N/A]
2026/08/10 15:46:43.836, 66, 35.77, 96, [N/A]
2026/08/10 15:46:44.837, 66, 35.80, 96, [N/A]
2026/08/10 15:46:45.837, 66, 35.75, 96, [N/A]
2026/08/10 15:46:46.837, 66, 35.87, 96, [N/A]
2026/08/10 15:46:47.838, 66, 55.07, 96, [N/A]
2026/08/10 15:46:48.838, 66, 35.89, 96, [N/A]
2026/08/10 15:46:49.839, 66, 35.89, 96, [N/A]
2026/08/10 15:46:50.839, 66, 35.90, 96, [N/A]
2026/08/10 15:46:51.839, 66, 35.82, 96, [N/A]
2026/08/10 15:46:52.840, 66, 35.87, 96, [N/A]
2026/08/10 15:46:53.840, 66, 35.81, 96, [N/A]
2026/08/10 15:46:54.841, 66, 35.86, 96, [N/A]
2026/08/10 15:46:55.841, 66, 35.87, 96, [N/A]
2026/08/10 15:46:56.841, 66, 35.88, 96, [N/A]
2026/08/10 15:46:57.842, 66, 35.85, 96, [N/A]
2026/08/10 15:46:58.842, 66, 35.86, 96, [N/A]
2026/08/10 15:46:59.842, 66, 35.83, 96, [N/A]
2026/08/10 15:47:00.843, 66, 35.81, 96, [N/A]
2026/08/10 15:47:01.843, 66, 35.75, 96, [N/A]
2026/08/10 15:47:02.844, 67, 55.04, 96, [N/A]
2026/08/10 15:47:03.844, 66, 35.87, 96, [N/A]
2026/08/10 15:47:04.844, 66, 35.88, 96, [N/A]
2026/08/10 15:47:05.845, 66, 35.82, 96, [N/A]
2026/08/10 15:47:06.845, 66, 35.89, 96, [N/A]
2026/08/10 15:47:07.846, 66, 35.86, 96, [N/A]
2026/08/10 15:47:08.846, 66, 35.85, 96, [N/A]
2026/08/10 15:47:09.846, 66, 35.81, 96, [N/A]
2026/08/10 15:47:10.847, 66, 35.87, 96, [N/A]
2026/08/10 15:47:11.847, 66, 35.85, 96, [N/A]
2026/08/10 15:47:12.848, 66, 35.78, 96, [N/A]
2026/08/10 15:47:13.848, 66, 35.82, 96, [N/A]
2026/08/10 15:47:14.848, 66, 35.83, 96, [N/A]
2026/08/10 15:47:15.849, 66, 35.84, 96, [N/A]
2026/08/10 15:47:16.849, 66, 35.84, 96, [N/A]
2026/08/10 15:47:17.849, 73, 54.60, 96, [N/A]
2026/08/10 15:47:18.850, 66, 35.95, 96, [N/A]
2026/08/10 15:47:19.850, 66, 35.99, 96, [N/A]
2026/08/10 15:47:20.851, 66, 35.97, 96, [N/A]
2026/08/10 15:47:21.851, 66, 35.87, 96, [N/A]
2026/08/10 15:47:22.851, 66, 35.92, 96, [N/A]
2026/08/10 15:47:23.852, 66, 35.94, 96, [N/A]
2026/08/10 15:47:24.852, 66, 35.85, 96, [N/A]
2026/08/10 15:47:25.853, 66, 35.81, 96, [N/A]
2026/08/10 15:47:26.853, 66, 35.97, 96, [N/A]
2026/08/10 15:47:27.853, 66, 35.90, 96, [N/A]
2026/08/10 15:47:28.854, 66, 35.92, 96, [N/A]
2026/08/10 15:47:29.854, 66, 35.98, 96, [N/A]
2026/08/10 15:47:30.855, 66, 35.99, 96, [N/A]
2026/08/10 15:47:31.855, 66, 35.89, 96, [N/A]
2026/08/10 15:47:32.855, 74, 41.34, 96, [N/A]
2026/08/10 15:47:33.856, 67, 48.69, 96, [N/A]
2026/08/10 15:47:34.856, 67, 35.95, 96, [N/A]
2026/08/10 15:47:35.857, 66, 35.92, 96, [N/A]
2026/08/10 15:47:36.857, 66, 35.96, 96, [N/A]
2026/08/10 15:47:37.857, 66, 35.92, 96, [N/A]
2026/08/10 15:47:38.858, 66, 35.97, 96, [N/A]
2026/08/10 15:47:39.858, 66, 35.87, 96, [N/A]
2026/08/10 15:47:40.858, 66, 35.90, 96, [N/A]
2026/08/10 15:47:41.859, 66, 35.87, 96, [N/A]
2026/08/10 15:47:42.859, 66, 35.90, 96, [N/A]
2026/08/10 15:47:43.860, 66, 35.89, 96, [N/A]
2026/08/10 15:47:44.860, 66, 35.93, 96, [N/A]
2026/08/10 15:47:45.861, 66, 35.96, 96, [N/A]
2026/08/10 15:47:46.861, 66, 35.96, 96, [N/A]
2026/08/10 15:47:47.861, 66, 35.90, 96, [N/A]
2026/08/10 15:47:48.862, 67, 55.73, 96, [N/A]
2026/08/10 15:47:49.862, 66, 35.90, 96, [N/A]
2026/08/10 15:47:50.863, 66, 35.96, 96, [N/A]
2026/08/10 15:47:51.864, 66, 35.85, 96, [N/A]
2026/08/10 15:47:52.864, 66, 35.92, 96, [N/A]
2026/08/10 15:47:53.864, 66, 35.86, 96, [N/A]
2026/08/10 15:47:54.865, 66, 35.86, 96, [N/A]
2026/08/10 15:47:55.865, 66, 35.82, 96, [N/A]
2026/08/10 15:47:56.866, 66, 35.85, 96, [N/A]
2026/08/10 15:47:57.866, 66, 35.83, 96, [N/A]
2026/08/10 15:47:58.867, 66, 35.77, 96, [N/A]
2026/08/10 15:47:59.867, 66, 35.76, 96, [N/A]
2026/08/10 15:48:00.868, 66, 35.78, 96, [N/A]
2026/08/10 15:48:01.868, 66, 35.78, 96, [N/A]
2026/08/10 15:48:02.869, 66, 35.68, 96, [N/A]
2026/08/10 15:48:03.869, 74, 61.46, 96, [N/A]
2026/08/10 15:48:04.869, 75, 83.91, 96, [N/A]
2026/08/10 15:48:05.870, 75, 83.01, 96, [N/A]
2026/08/10 15:48:06.870, 76, 83.89, 96, [N/A]
2026/08/10 15:48:07.871, 76, 83.57, 96, [N/A]
2026/08/10 15:48:08.872, 76, 83.66, 96, [N/A]
2026/08/10 15:48:09.872, 68, 57.46, 96, [N/A]
2026/08/10 15:48:10.872, 68, 36.00, 96, [N/A]
2026/08/10 15:48:11.873, 68, 35.89, 96, [N/A]
2026/08/10 15:48:12.873, 68, 35.85, 96, [N/A]
2026/08/10 15:48:13.873, 67, 35.81, 96, [N/A]
2026/08/10 15:48:14.874, 67, 35.81, 96, [N/A]
2026/08/10 15:48:15.874, 67, 35.76, 96, [N/A]
2026/08/10 15:48:16.875, 67, 35.71, 96, [N/A]
2026/08/10 15:48:17.876, 67, 35.69, 96, [N/A]
2026/08/10 15:48:18.876, 67, 35.75, 96, [N/A]
2026/08/10 15:48:19.877, 67, 35.71, 96, [N/A]
2026/08/10 15:48:20.878, 67, 35.71, 96, [N/A]
2026/08/10 15:48:21.878, 67, 35.65, 96, [N/A]
2026/08/10 15:48:22.879, 67, 35.64, 96, [N/A]
2026/08/10 15:48:23.879, 67, 35.60, 96, [N/A]
2026/08/10 15:48:24.880, 67, 35.66, 96, [N/A]
2026/08/10 15:48:25.880, 75, 71.37, 96, [N/A]
2026/08/10 15:48:26.881, 76, 83.53, 96, [N/A]
2026/08/10 15:48:27.882, 76, 83.15, 96, [N/A]
2026/08/10 15:48:28.882, 76, 83.02, 96, [N/A]
2026/08/10 15:48:29.883, 76, 82.87, 96, [N/A]
2026/08/10 15:48:30.883, 77, 83.79, 96, [N/A]
2026/08/10 15:48:31.884, 69, 48.97, 96, [N/A]
2026/08/10 15:48:32.884, 69, 36.18, 96, [N/A]
2026/08/10 15:48:33.885, 69, 36.10, 96, [N/A]
2026/08/10 15:48:34.885, 69, 36.03, 96, [N/A]
2026/08/10 15:48:35.886, 68, 36.04, 96, [N/A]
2026/08/10 15:48:36.886, 68, 36.05, 96, [N/A]
2026/08/10 15:48:37.887, 68, 36.05, 96, [N/A]
2026/08/10 15:48:38.887, 68, 35.99, 96, [N/A]
2026/08/10 15:48:39.888, 68, 35.95, 96, [N/A]
2026/08/10 15:48:40.888, 68, 35.91, 96, [N/A]
2026/08/10 15:48:41.889, 68, 35.86, 96, [N/A]
2026/08/10 15:48:42.890, 68, 35.84, 96, [N/A]
2026/08/10 15:48:43.890, 68, 35.81, 96, [N/A]
2026/08/10 15:48:44.891, 68, 35.79, 96, [N/A]
2026/08/10 15:48:45.893, 68, 35.82, 96, [N/A]
2026/08/10 15:48:46.893, 68, 35.76, 96, [N/A]
2026/08/10 15:48:47.894, 76, 83.48, 96, [N/A]
2026/08/10 15:48:48.894, 77, 83.60, 96, [N/A]
2026/08/10 15:48:49.894, 77, 83.32, 96, [N/A]
2026/08/10 15:48:50.895, 76, 83.43, 96, [N/A]
2026/08/10 15:48:51.895, 77, 83.67, 96, [N/A]
2026/08/10 15:48:52.896, 77, 83.15, 96, [N/A]
2026/08/10 15:48:53.896, 70, 42.26, 96, [N/A]
2026/08/10 15:48:54.897, 70, 37.59, 96, [N/A]
2026/08/10 15:48:55.897, 69, 36.59, 96, [N/A]
2026/08/10 15:48:56.897, 69, 36.24, 96, [N/A]
2026/08/10 15:48:57.898, 69, 36.17, 96, [N/A]
2026/08/10 15:48:58.898, 69, 36.17, 96, [N/A]
2026/08/10 15:48:59.898, 69, 36.13, 96, [N/A]
2026/08/10 15:49:00.898, 69, 36.05, 96, [N/A]
2026/08/10 15:49:01.899, 69, 36.04, 96, [N/A]
2026/08/10 15:49:02.899, 69, 36.07, 96, [N/A]
2026/08/10 15:49:03.899, 69, 36.06, 96, [N/A]
2026/08/10 15:49:04.900, 68, 36.02, 96, [N/A]
2026/08/10 15:49:05.900, 68, 35.94, 96, [N/A]
2026/08/10 15:49:06.900, 68, 35.93, 96, [N/A]
2026/08/10 15:49:07.901, 68, 35.91, 96, [N/A]
2026/08/10 15:49:08.901, 76, 46.76, 96, [N/A]
2026/08/10 15:49:09.901, 77, 83.60, 96, [N/A]
2026/08/10 15:49:10.902, 77, 83.58, 96, [N/A]
2026/08/10 15:49:11.902, 77, 83.88, 96, [N/A]
2026/08/10 15:49:12.902, 77, 83.74, 96, [N/A]
2026/08/10 15:49:13.902, 78, 83.96, 96, [N/A]
2026/08/10 15:49:14.903, 72, 76.88, 96, [N/A]
2026/08/10 15:49:15.903, 70, 37.64, 96, [N/A]
2026/08/10 15:49:16.903, 70, 37.55, 96, [N/A]
2026/08/10 15:49:17.904, 70, 37.54, 96, [N/A]
2026/08/10 15:49:18.904, 70, 37.53, 96, [N/A]
2026/08/10 15:49:19.905, 70, 37.07, 96, [N/A]
2026/08/10 15:49:20.905, 69, 36.27, 96, [N/A]
2026/08/10 15:49:21.906, 69, 36.14, 96, [N/A]
2026/08/10 15:49:22.906, 69, 36.13, 96, [N/A]
2026/08/10 15:49:23.907, 69, 36.12, 96, [N/A]
2026/08/10 15:49:24.907, 69, 36.09, 96, [N/A]
2026/08/10 15:49:25.907, 69, 36.10, 96, [N/A]
2026/08/10 15:49:26.908, 69, 36.08, 96, [N/A]
2026/08/10 15:49:27.908, 69, 36.02, 96, [N/A]
2026/08/10 15:49:28.909, 69, 36.06, 96, [N/A]
2026/08/10 15:49:29.909, 69, 36.04, 96, [N/A]
2026/08/10 15:49:30.910, 77, 62.36, 96, [N/A]
2026/08/10 15:49:31.910, 77, 84.24, 96, [N/A]
2026/08/10 15:49:32.910, 77, 82.98, 96, [N/A]
2026/08/10 15:49:33.911, 78, 83.99, 96, [N/A]
2026/08/10 15:49:34.911, 78, 84.03, 96, [N/A]
2026/08/10 15:49:35.912, 79, 83.46, 96, [N/A]
2026/08/10 15:49:36.913, 71, 64.65, 96, [N/A]
2026/08/10 15:49:37.913, 71, 37.74, 96, [N/A]
2026/08/10 15:49:38.913, 70, 37.67, 96, [N/A]
2026/08/10 15:49:39.914, 70, 37.57, 96, [N/A]
2026/08/10 15:49:40.914, 70, 37.49, 96, [N/A]
2026/08/10 15:49:41.915, 70, 36.94, 96, [N/A]
2026/08/10 15:49:42.915, 70, 36.25, 96, [N/A]
2026/08/10 15:49:43.916, 69, 36.22, 96, [N/A]
2026/08/10 15:49:44.917, 69, 36.17, 96, [N/A]
2026/08/10 15:49:45.917, 69, 36.21, 96, [N/A]
2026/08/10 15:49:46.918, 69, 36.12, 96, [N/A]
2026/08/10 15:49:47.919, 69, 36.11, 96, [N/A]
2026/08/10 15:49:48.919, 69, 36.00, 96, [N/A]
2026/08/10 15:49:49.920, 69, 36.02, 96, [N/A]
2026/08/10 15:49:50.921, 69, 36.00, 96, [N/A]
2026/08/10 15:49:51.921, 69, 36.03, 96, [N/A]
2026/08/10 15:49:52.922, 77, 77.78, 96, [N/A]
2026/08/10 15:49:53.922, 77, 84.17, 96, [N/A]
2026/08/10 15:49:54.923, 77, 83.65, 96, [N/A]
2026/08/10 15:49:55.923, 78, 83.88, 96, [N/A]
2026/08/10 15:49:56.924, 78, 83.01, 96, [N/A]
2026/08/10 15:49:57.924, 79, 84.17, 96, [N/A]
2026/08/10 15:49:58.925, 71, 49.78, 96, [N/A]
2026/08/10 15:49:59.925, 71, 37.77, 96, [N/A]
2026/08/10 15:50:00.925, 71, 37.67, 96, [N/A]
2026/08/10 15:50:01.926, 70, 37.63, 96, [N/A]
2026/08/10 15:50:02.926, 70, 37.55, 96, [N/A]
2026/08/10 15:50:03.927, 70, 37.55, 96, [N/A]
2026/08/10 15:50:04.927, 70, 37.48, 96, [N/A]
2026/08/10 15:50:05.928, 70, 37.47, 96, [N/A]
2026/08/10 15:50:06.928, 70, 37.43, 96, [N/A]
2026/08/10 15:50:07.928, 70, 37.44, 96, [N/A]
2026/08/10 15:50:08.928, 70, 37.46, 96, [N/A]
2026/08/10 15:50:09.929, 70, 37.37, 96, [N/A]
2026/08/10 15:50:10.929, 70, 37.37, 96, [N/A]
2026/08/10 15:50:11.930, 70, 37.33, 96, [N/A]
2026/08/10 15:50:12.930, 69, 36.17, 96, [N/A]
2026/08/10 15:50:13.931, 77, 48.74, 96, [N/A]
2026/08/10 15:50:14.931, 78, 88.65, 96, [N/A]
2026/08/10 15:50:15.932, 70, 53.56, 96, [N/A]
2026/08/10 15:50:16.932, 69, 32.74, 96, [N/A]
2026/08/10 15:50:17.933, 69, 32.52, 96, [N/A]
2026/08/10 15:50:18.933, 69, 32.42, 96, [N/A]
2026/08/10 15:50:19.933, 68, 32.43, 96, [N/A]
2026/08/10 15:50:20.934, 68, 32.36, 96, [N/A]
2026/08/10 15:50:21.934, 68, 32.37, 96, [N/A]
2026/08/10 15:50:22.935, 68, 32.34, 96, [N/A]
2026/08/10 15:50:23.936, 68, 32.23, 96, [N/A]
2026/08/10 15:50:24.936, 68, 32.27, 96, [N/A]
2026/08/10 15:50:25.937, 68, 32.23, 96, [N/A]
2026/08/10 15:50:26.937, 67, 32.22, 96, [N/A]
2026/08/10 15:50:27.937, 67, 32.14, 96, [N/A]
2026/08/10 15:50:28.938, 67, 32.10, 96, [N/A]
2026/08/10 15:50:29.939, 67, 32.11, 96, [N/A]
2026/08/10 15:50:30.939, 65, 25.24, 0, [N/A]
2026/08/10 15:50:31.939, 64, 15.89, 0, [N/A]
2026/08/10 15:50:32.939, 63, 15.77, 0, [N/A]
2026/08/10 15:50:33.940, 63, 15.71, 0, [N/A]
2026/08/10 15:50:34.940, 63, 15.70, 0, [N/A]
2026/08/10 15:50:35.941, 73, 44.02, 96, [N/A]
2026/08/10 15:50:36.941, 66, 35.93, 96, [N/A]
2026/08/10 15:50:37.941, 66, 35.91, 96, [N/A]
2026/08/10 15:50:38.942, 66, 35.90, 96, [N/A]
2026/08/10 15:50:39.942, 66, 35.95, 96, [N/A]
2026/08/10 15:50:40.943, 66, 36.00, 96, [N/A]
2026/08/10 15:50:41.943, 67, 35.91, 96, [N/A]
2026/08/10 15:50:42.943, 67, 35.98, 96, [N/A]
2026/08/10 15:50:43.944, 67, 35.91, 96, [N/A]
2026/08/10 15:50:44.944, 67, 35.95, 96, [N/A]
2026/08/10 15:50:45.944, 66, 35.99, 96, [N/A]
2026/08/10 15:50:46.945, 67, 35.92, 96, [N/A]
2026/08/10 15:50:47.945, 67, 36.00, 96, [N/A]
2026/08/10 15:50:48.945, 67, 35.99, 96, [N/A]
2026/08/10 15:50:49.946, 67, 36.01, 96, [N/A]
2026/08/10 15:50:50.946, 73, 43.05, 81, [N/A]
2026/08/10 15:50:51.946, 67, 48.10, 96, [N/A]
2026/08/10 15:50:52.947, 67, 36.06, 96, [N/A]
2026/08/10 15:50:53.947, 67, 36.03, 96, [N/A]
2026/08/10 15:50:54.947, 67, 36.04, 96, [N/A]
2026/08/10 15:50:55.948, 67, 36.05, 96, [N/A]
2026/08/10 15:50:56.948, 67, 35.97, 96, [N/A]
2026/08/10 15:50:57.949, 67, 35.93, 96, [N/A]
2026/08/10 15:50:58.949, 67, 35.94, 96, [N/A]
2026/08/10 15:50:59.949, 67, 35.87, 96, [N/A]
2026/08/10 15:51:00.950, 67, 35.95, 96, [N/A]
2026/08/10 15:51:01.950, 67, 36.02, 96, [N/A]
2026/08/10 15:51:02.951, 67, 36.01, 96, [N/A]
2026/08/10 15:51:03.951, 67, 36.03, 96, [N/A]
2026/08/10 15:51:04.951, 67, 36.01, 96, [N/A]
2026/08/10 15:51:05.952, 67, 36.05, 96, [N/A]
2026/08/10 15:51:06.952, 67, 55.35, 96, [N/A]
2026/08/10 15:51:07.953, 67, 36.06, 96, [N/A]
2026/08/10 15:51:08.953, 67, 36.09, 96, [N/A]
2026/08/10 15:51:09.953, 67, 35.95, 96, [N/A]
2026/08/10 15:51:10.954, 67, 36.02, 96, [N/A]
2026/08/10 15:51:11.954, 67, 35.95, 96, [N/A]
2026/08/10 15:51:12.955, 67, 35.94, 96, [N/A]
2026/08/10 15:51:13.955, 67, 35.97, 96, [N/A]
2026/08/10 15:51:14.955, 67, 36.01, 96, [N/A]
2026/08/10 15:51:15.956, 67, 35.94, 96, [N/A]
2026/08/10 15:51:16.956, 67, 35.97, 96, [N/A]
2026/08/10 15:51:17.957, 67, 36.01, 96, [N/A]
2026/08/10 15:51:18.957, 67, 36.01, 96, [N/A]
2026/08/10 15:51:19.957, 67, 36.08, 96, [N/A]
2026/08/10 15:51:20.957, 67, 36.07, 96, [N/A]
2026/08/10 15:51:21.958, 68, 54.90, 96, [N/A]
2026/08/10 15:51:22.958, 67, 36.15, 96, [N/A]
2026/08/10 15:51:23.958, 67, 36.06, 96, [N/A]
2026/08/10 15:51:24.959, 67, 36.18, 96, [N/A]
2026/08/10 15:51:25.959, 67, 36.09, 96, [N/A]
2026/08/10 15:51:26.960, 67, 36.03, 96, [N/A]
2026/08/10 15:51:27.960, 67, 36.05, 96, [N/A]
2026/08/10 15:51:28.960, 67, 35.95, 96, [N/A]
2026/08/10 15:51:29.961, 67, 36.02, 96, [N/A]
2026/08/10 15:51:30.961, 67, 36.05, 96, [N/A]
2026/08/10 15:51:31.961, 67, 36.04, 96, [N/A]
2026/08/10 15:51:32.961, 67, 36.07, 96, [N/A]
2026/08/10 15:51:33.962, 67, 36.08, 96, [N/A]
2026/08/10 15:51:34.962, 67, 36.06, 96, [N/A]
2026/08/10 15:51:35.963, 67, 36.07, 96, [N/A]
2026/08/10 15:51:36.963, 75, 48.95, 96, [N/A]
2026/08/10 15:51:37.963, 67, 43.24, 96, [N/A]
2026/08/10 15:51:38.963, 67, 36.14, 96, [N/A]
2026/08/10 15:51:39.964, 67, 36.04, 96, [N/A]
2026/08/10 15:51:40.964, 67, 36.09, 96, [N/A]
2026/08/10 15:51:41.964, 67, 35.97, 96, [N/A]
2026/08/10 15:51:42.965, 67, 35.99, 96, [N/A]
2026/08/10 15:51:43.965, 67, 36.11, 96, [N/A]
2026/08/10 15:51:44.965, 67, 36.07, 96, [N/A]
2026/08/10 15:51:45.966, 67, 36.09, 96, [N/A]
2026/08/10 15:51:46.966, 67, 36.06, 96, [N/A]
2026/08/10 15:51:47.966, 67, 36.10, 96, [N/A]
2026/08/10 15:51:48.967, 67, 36.07, 96, [N/A]
2026/08/10 15:51:49.967, 67, 36.10, 96, [N/A]
2026/08/10 15:51:50.968, 67, 36.04, 96, [N/A]
2026/08/10 15:51:51.968, 67, 36.06, 96, [N/A]
2026/08/10 15:51:52.968, 67, 54.82, 96, [N/A]
2026/08/10 15:51:53.968, 67, 36.14, 96, [N/A]
2026/08/10 15:51:54.969, 67, 36.20, 96, [N/A]
2026/08/10 15:51:55.969, 67, 36.09, 96, [N/A]
2026/08/10 15:51:56.970, 67, 36.12, 96, [N/A]
2026/08/10 15:51:57.970, 67, 36.10, 96, [N/A]
2026/08/10 15:51:58.970, 67, 36.10, 96, [N/A]
2026/08/10 15:51:59.971, 67, 36.07, 96, [N/A]
2026/08/10 15:52:00.971, 67, 35.95, 96, [N/A]
2026/08/10 15:52:01.971, 67, 36.01, 96, [N/A]
2026/08/10 15:52:02.972, 67, 36.00, 96, [N/A]
2026/08/10 15:52:03.972, 67, 36.01, 96, [N/A]
2026/08/10 15:52:04.972, 67, 36.00, 96, [N/A]
2026/08/10 15:52:05.973, 67, 36.01, 96, [N/A]
2026/08/10 15:52:06.973, 67, 36.01, 96, [N/A]
2026/08/10 15:52:07.973, 68, 54.87, 96, [N/A]
2026/08/10 15:52:08.974, 67, 36.09, 96, [N/A]
2026/08/10 15:52:09.974, 67, 36.10, 96, [N/A]
2026/08/10 15:52:10.974, 67, 36.06, 96, [N/A]
2026/08/10 15:52:11.975, 67, 36.00, 96, [N/A]
2026/08/10 15:52:12.975, 67, 36.02, 96, [N/A]
2026/08/10 15:52:13.976, 67, 36.04, 96, [N/A]
2026/08/10 15:52:14.976, 67, 35.96, 96, [N/A]
2026/08/10 15:52:15.977, 67, 36.02, 96, [N/A]
2026/08/10 15:52:16.977, 67, 36.00, 96, [N/A]
2026/08/10 15:52:17.977, 67, 36.06, 96, [N/A]
2026/08/10 15:52:18.977, 67, 36.00, 96, [N/A]
2026/08/10 15:52:19.978, 67, 36.00, 96, [N/A]
2026/08/10 15:52:20.978, 67, 35.99, 96, [N/A]
2026/08/10 15:52:21.979, 67, 36.01, 96, [N/A]
2026/08/10 15:52:22.979, 76, 55.17, 96, [N/A]
2026/08/10 15:52:23.979, 67, 36.25, 96, [N/A]
2026/08/10 15:52:24.980, 67, 36.05, 96, [N/A]
2026/08/10 15:52:25.980, 67, 35.98, 96, [N/A]
2026/08/10 15:52:26.981, 67, 35.94, 96, [N/A]
2026/08/10 15:52:27.981, 67, 35.82, 96, [N/A]
2026/08/10 15:52:28.982, 67, 35.85, 96, [N/A]
2026/08/10 15:52:29.982, 67, 35.84, 96, [N/A]
2026/08/10 15:52:30.982, 67, 35.79, 96, [N/A]
2026/08/10 15:52:31.983, 67, 35.89, 96, [N/A]
2026/08/10 15:52:32.984, 66, 35.83, 96, [N/A]
2026/08/10 15:52:33.984, 66, 35.88, 96, [N/A]
2026/08/10 15:52:34.985, 66, 35.83, 96, [N/A]
2026/08/10 15:52:35.985, 66, 35.82, 96, [N/A]
2026/08/10 15:52:36.986, 66, 35.84, 96, [N/A]
2026/08/10 15:52:37.986, 71, 37.58, 59, [N/A]
2026/08/10 15:52:38.986, 75, 84.54, 96, [N/A]
2026/08/10 15:52:39.987, 75, 83.75, 96, [N/A]
2026/08/10 15:52:40.987, 76, 83.53, 96, [N/A]
2026/08/10 15:52:41.987, 76, 83.66, 96, [N/A]
2026/08/10 15:52:42.988, 76, 83.00, 96, [N/A]
2026/08/10 15:52:43.988, 76, 81.41, 96, [N/A]
2026/08/10 15:52:44.988, 77, 83.21, 96, [N/A]
2026/08/10 15:52:45.988, 78, 83.25, 96, [N/A]
2026/08/10 15:52:46.989, 77, 82.95, 96, [N/A]
2026/08/10 15:52:47.989, 78, 82.94, 96, [N/A]
2026/08/10 15:52:48.989, 78, 82.65, 96, [N/A]
2026/08/10 15:52:49.989, 78, 83.04, 96, [N/A]
2026/08/10 15:52:50.990, 71, 51.96, 96, [N/A]
2026/08/10 15:52:51.990, 71, 41.43, 96, [N/A]
2026/08/10 15:52:52.990, 71, 41.16, 96, [N/A]
2026/08/10 15:52:53.991, 71, 41.02, 96, [N/A]
2026/08/10 15:52:54.991, 71, 40.94, 96, [N/A]
2026/08/10 15:52:55.992, 70, 41.00, 96, [N/A]
2026/08/10 15:52:56.992, 70, 40.96, 96, [N/A]
2026/08/10 15:52:57.992, 70, 40.92, 96, [N/A]
2026/08/10 15:52:58.993, 70, 40.86, 96, [N/A]
2026/08/10 15:52:59.993, 70, 40.85, 96, [N/A]
2026/08/10 15:53:00.994, 70, 40.78, 96, [N/A]
2026/08/10 15:53:01.994, 70, 40.77, 96, [N/A]
2026/08/10 15:53:02.994, 70, 40.74, 96, [N/A]
2026/08/10 15:53:03.995, 70, 39.62, 96, [N/A]
2026/08/10 15:53:04.995, 70, 39.55, 96, [N/A]
2026/08/10 15:53:05.996, 70, 39.47, 96, [N/A]
2026/08/10 15:53:06.996, 70, 39.47, 96, [N/A]
2026/08/10 15:53:07.996, 77, 76.11, 96, [N/A]
2026/08/10 15:53:08.996, 78, 82.89, 96, [N/A]
2026/08/10 15:53:09.997, 78, 83.03, 96, [N/A]
2026/08/10 15:53:10.997, 78, 82.54, 96, [N/A]
2026/08/10 15:53:11.998, 78, 82.88, 96, [N/A]
2026/08/10 15:53:12.998, 79, 83.03, 96, [N/A]
2026/08/10 15:53:13.998, 78, 83.23, 96, [N/A]
2026/08/10 15:53:14.998, 79, 82.46, 96, [N/A]
2026/08/10 15:53:15.999, 79, 82.97, 96, [N/A]
2026/08/10 15:53:16.999, 80, 83.45, 96, [N/A]
2026/08/10 15:53:18.000, 80, 83.34, 96, [N/A]
2026/08/10 15:53:19.000, 80, 83.25, 96, [N/A]
2026/08/10 15:53:20.000, 80, 82.83, 96, [N/A]
2026/08/10 15:53:21.001, 73, 42.58, 96, [N/A]
2026/08/10 15:53:22.001, 73, 42.18, 96, [N/A]
2026/08/10 15:53:23.001, 73, 42.03, 96, [N/A]
2026/08/10 15:53:24.002, 73, 41.92, 96, [N/A]
2026/08/10 15:53:25.002, 72, 41.95, 96, [N/A]
2026/08/10 15:53:26.002, 72, 41.94, 96, [N/A]
2026/08/10 15:53:27.003, 72, 41.79, 96, [N/A]
2026/08/10 15:53:28.003, 72, 41.78, 96, [N/A]
2026/08/10 15:53:29.003, 72, 41.76, 96, [N/A]
2026/08/10 15:53:30.004, 72, 41.69, 96, [N/A]
2026/08/10 15:53:31.004, 72, 41.55, 96, [N/A]
2026/08/10 15:53:32.004, 72, 41.59, 96, [N/A]
2026/08/10 15:53:33.005, 72, 41.57, 96, [N/A]
2026/08/10 15:53:34.005, 71, 41.16, 96, [N/A]
2026/08/10 15:53:35.006, 71, 41.04, 96, [N/A]
2026/08/10 15:53:36.006, 71, 41.01, 96, [N/A]
2026/08/10 15:53:37.007, 78, 52.29, 96, [N/A]
2026/08/10 15:53:38.007, 79, 82.92, 96, [N/A]
2026/08/10 15:53:39.007, 79, 81.99, 96, [N/A]
2026/08/10 15:53:40.017, 79, 81.68, 96, [N/A]
2026/08/10 15:53:41.017, 79, 83.28, 96, [N/A]
2026/08/10 15:53:42.017, 80, 83.32, 96, [N/A]
2026/08/10 15:53:43.018, 80, 83.56, 96, [N/A]
2026/08/10 15:53:44.018, 80, 83.48, 96, [N/A]
2026/08/10 15:53:45.019, 80, 83.31, 96, [N/A]
2026/08/10 15:53:46.019, 80, 83.36, 96, [N/A]
2026/08/10 15:53:47.019, 81, 82.66, 96, [N/A]
2026/08/10 15:53:48.020, 80, 83.84, 96, [N/A]
2026/08/10 15:53:49.020, 81, 83.52, 96, [N/A]
2026/08/10 15:53:50.020, 75, 66.97, 96, [N/A]
2026/08/10 15:53:51.021, 74, 42.55, 96, [N/A]
2026/08/10 15:53:52.021, 74, 42.49, 96, [N/A]
2026/08/10 15:53:53.021, 74, 42.47, 96, [N/A]
2026/08/10 15:53:54.022, 74, 42.36, 96, [N/A]
2026/08/10 15:53:55.022, 73, 42.21, 96, [N/A]
2026/08/10 15:53:56.022, 73, 42.15, 96, [N/A]
2026/08/10 15:53:57.023, 73, 42.09, 96, [N/A]
2026/08/10 15:53:58.023, 73, 42.06, 96, [N/A]
2026/08/10 15:53:59.024, 73, 42.05, 96, [N/A]
2026/08/10 15:54:00.024, 73, 42.00, 96, [N/A]
2026/08/10 15:54:01.024, 73, 41.95, 96, [N/A]
2026/08/10 15:54:02.025, 73, 41.87, 96, [N/A]
2026/08/10 15:54:03.025, 73, 41.82, 96, [N/A]
2026/08/10 15:54:04.026, 73, 41.81, 96, [N/A]
2026/08/10 15:54:05.026, 72, 41.78, 96, [N/A]
2026/08/10 15:54:06.027, 72, 41.83, 96, [N/A]
2026/08/10 15:54:07.027, 80, 69.70, 96, [N/A]
2026/08/10 15:54:08.027, 80, 88.65, 96, [N/A]
2026/08/10 15:54:09.028, 72, 46.95, 96, [N/A]
2026/08/10 15:54:10.028, 71, 36.08, 96, [N/A]
2026/08/10 15:54:11.029, 71, 33.95, 96, [N/A]
2026/08/10 15:54:12.029, 71, 33.98, 96, [N/A]
2026/08/10 15:54:13.030, 71, 33.88, 96, [N/A]
2026/08/10 15:54:14.030, 70, 33.82, 96, [N/A]
2026/08/10 15:54:15.031, 70, 33.84, 96, [N/A]
2026/08/10 15:54:16.031, 70, 32.83, 96, [N/A]
2026/08/10 15:54:17.031, 70, 32.67, 96, [N/A]
2026/08/10 15:54:18.032, 70, 32.63, 96, [N/A]
2026/08/10 15:54:19.032, 69, 32.56, 96, [N/A]
2026/08/10 15:54:20.032, 69, 32.60, 96, [N/A]
2026/08/10 15:54:21.033, 69, 32.57, 96, [N/A]
2026/08/10 15:54:22.033, 69, 32.53, 96, [N/A]
2026/08/10 15:54:23.034, 69, 32.46, 96, [N/A]
2026/08/10 15:54:24.034, 66, 24.43, 0, [N/A]
2026/08/10 15:54:25.035, 66, 16.17, 0, [N/A]
2026/08/10 15:54:26.035, 65, 15.99, 0, [N/A]
2026/08/10 15:54:27.036, 64, 15.83, 0, [N/A]
2026/08/10 15:54:28.036, 64, 15.75, 0, [N/A]
2026/08/10 15:54:29.037, 64, 15.69, 0, [N/A]
2026/08/10 15:54:30.037, 63, 15.62, 0, [N/A]
