step_id	phase	family	kernel_count	kernel_duration_sum_ns	evidence
3	prefill	layer_norm	81	579549	kernel_symbol_pattern_reconstruction
3	prefill	gemm_projection	161	139388682	kernel_symbol_pattern_reconstruction
3	prefill	qk_norm	39	105216	kernel_symbol_pattern_reconstruction
3	prefill	rotary	39	174783	kernel_symbol_pattern_reconstruction
3	prefill	kv_cache_write	40	285245	kernel_symbol_pattern_reconstruction
3	prefill	attention	40	544284	kernel_symbol_pattern_reconstruction
3	prefill	activation	40	981145	kernel_symbol_pattern_reconstruction
3	prefill	sampling	1	5472	kernel_symbol_pattern_reconstruction
3	prefill	copy	4	10016	kernel_symbol_pattern_reconstruction
3	prefill	other	10	40160	kernel_symbol_pattern_reconstruction
4	decode	layer_norm	81	192448	kernel_symbol_pattern_reconstruction
4	decode	gemm_projection	161	120995294	kernel_symbol_pattern_reconstruction
4	decode	qk_norm	39	33472	kernel_symbol_pattern_reconstruction
4	decode	rotary	39	49631	kernel_symbol_pattern_reconstruction
4	decode	kv_cache_write	40	145503	kernel_symbol_pattern_reconstruction
4	decode	attention	80	388190	kernel_symbol_pattern_reconstruction
4	decode	activation	40	34494	kernel_symbol_pattern_reconstruction
4	decode	sampling	1	5312	kernel_symbol_pattern_reconstruction
4	decode	copy	44	38912	kernel_symbol_pattern_reconstruction
4	decode	other	10	18463	kernel_symbol_pattern_reconstruction
5	decode	layer_norm	81	162016	kernel_symbol_pattern_reconstruction
5	decode	gemm_projection	161	119139817	kernel_symbol_pattern_reconstruction
5	decode	qk_norm	39	33536	kernel_symbol_pattern_reconstruction
5	decode	rotary	39	41472	kernel_symbol_pattern_reconstruction
5	decode	kv_cache_write	40	145886	kernel_symbol_pattern_reconstruction
5	decode	attention	80	379582	kernel_symbol_pattern_reconstruction
5	decode	activation	40	31136	kernel_symbol_pattern_reconstruction
5	decode	sampling	1	5312	kernel_symbol_pattern_reconstruction
5	decode	copy	44	37984	kernel_symbol_pattern_reconstruction
5	decode	other	10	15584	kernel_symbol_pattern_reconstruction
6	decode	layer_norm	81	162816	kernel_symbol_pattern_reconstruction
6	decode	gemm_projection	161	119548296	kernel_symbol_pattern_reconstruction
6	decode	qk_norm	39	34336	kernel_symbol_pattern_reconstruction
6	decode	rotary	39	41439	kernel_symbol_pattern_reconstruction
6	decode	kv_cache_write	40	145920	kernel_symbol_pattern_reconstruction
6	decode	attention	80	379901	kernel_symbol_pattern_reconstruction
6	decode	activation	40	35647	kernel_symbol_pattern_reconstruction
6	decode	sampling	1	5184	kernel_symbol_pattern_reconstruction
6	decode	copy	44	39199	kernel_symbol_pattern_reconstruction
6	decode	other	10	16096	kernel_symbol_pattern_reconstruction
7	decode	layer_norm	81	160991	kernel_symbol_pattern_reconstruction
7	decode	gemm_projection	161	118755883	kernel_symbol_pattern_reconstruction
7	decode	qk_norm	39	33664	kernel_symbol_pattern_reconstruction
7	decode	rotary	39	41600	kernel_symbol_pattern_reconstruction
7	decode	kv_cache_write	40	144287	kernel_symbol_pattern_reconstruction
7	decode	attention	80	378046	kernel_symbol_pattern_reconstruction
7	decode	activation	40	30880	kernel_symbol_pattern_reconstruction
7	decode	sampling	1	5312	kernel_symbol_pattern_reconstruction
7	decode	copy	44	39360	kernel_symbol_pattern_reconstruction
7	decode	other	10	15360	kernel_symbol_pattern_reconstruction
8	decode	layer_norm	81	161536	kernel_symbol_pattern_reconstruction
8	decode	gemm_projection	161	119276808	kernel_symbol_pattern_reconstruction
8	decode	qk_norm	39	33920	kernel_symbol_pattern_reconstruction
8	decode	rotary	39	41599	kernel_symbol_pattern_reconstruction
8	decode	kv_cache_write	40	144798	kernel_symbol_pattern_reconstruction
8	decode	attention	80	377407	kernel_symbol_pattern_reconstruction
8	decode	activation	40	30752	kernel_symbol_pattern_reconstruction
8	decode	sampling	1	5216	kernel_symbol_pattern_reconstruction
8	decode	copy	44	38944	kernel_symbol_pattern_reconstruction
8	decode	other	10	14687	kernel_symbol_pattern_reconstruction
9	decode	layer_norm	81	161022	kernel_symbol_pattern_reconstruction
9	decode	gemm_projection	161	118693040	kernel_symbol_pattern_reconstruction
9	decode	qk_norm	39	33440	kernel_symbol_pattern_reconstruction
9	decode	rotary	39	41312	kernel_symbol_pattern_reconstruction
9	decode	kv_cache_write	40	146079	kernel_symbol_pattern_reconstruction
9	decode	attention	80	375835	kernel_symbol_pattern_reconstruction
9	decode	activation	40	30783	kernel_symbol_pattern_reconstruction
9	decode	sampling	1	5216	kernel_symbol_pattern_reconstruction
9	decode	copy	44	38272	kernel_symbol_pattern_reconstruction
9	decode	other	10	14592	kernel_symbol_pattern_reconstruction
10	decode	layer_norm	81	162752	kernel_symbol_pattern_reconstruction
10	decode	gemm_projection	161	120014600	kernel_symbol_pattern_reconstruction
10	decode	qk_norm	39	33472	kernel_symbol_pattern_reconstruction
10	decode	rotary	39	41696	kernel_symbol_pattern_reconstruction
10	decode	kv_cache_write	40	144029	kernel_symbol_pattern_reconstruction
10	decode	attention	80	377949	kernel_symbol_pattern_reconstruction
10	decode	activation	40	34591	kernel_symbol_pattern_reconstruction
10	decode	sampling	1	5312	kernel_symbol_pattern_reconstruction
10	decode	copy	44	39040	kernel_symbol_pattern_reconstruction
10	decode	other	10	15488	kernel_symbol_pattern_reconstruction
11	decode	layer_norm	81	161470	kernel_symbol_pattern_reconstruction
11	decode	gemm_projection	161	119056365	kernel_symbol_pattern_reconstruction
11	decode	qk_norm	39	33856	kernel_symbol_pattern_reconstruction
11	decode	rotary	39	41759	kernel_symbol_pattern_reconstruction
11	decode	kv_cache_write	40	144191	kernel_symbol_pattern_reconstruction
11	decode	attention	80	376830	kernel_symbol_pattern_reconstruction
11	decode	activation	40	30624	kernel_symbol_pattern_reconstruction
11	decode	sampling	1	5344	kernel_symbol_pattern_reconstruction
11	decode	copy	44	39167	kernel_symbol_pattern_reconstruction
11	decode	other	10	15136	kernel_symbol_pattern_reconstruction
12	decode	layer_norm	81	161470	kernel_symbol_pattern_reconstruction
12	decode	gemm_projection	161	118904461	kernel_symbol_pattern_reconstruction
12	decode	qk_norm	39	33440	kernel_symbol_pattern_reconstruction
12	decode	rotary	39	41152	kernel_symbol_pattern_reconstruction
12	decode	kv_cache_write	40	143357	kernel_symbol_pattern_reconstruction
12	decode	attention	80	379134	kernel_symbol_pattern_reconstruction
12	decode	activation	40	31072	kernel_symbol_pattern_reconstruction
12	decode	sampling	1	5216	kernel_symbol_pattern_reconstruction
12	decode	copy	44	38368	kernel_symbol_pattern_reconstruction
12	decode	other	10	15360	kernel_symbol_pattern_reconstruction
13	decode	layer_norm	81	161182	kernel_symbol_pattern_reconstruction
13	decode	gemm_projection	161	119152585	kernel_symbol_pattern_reconstruction
13	decode	qk_norm	39	33504	kernel_symbol_pattern_reconstruction
13	decode	rotary	39	41855	kernel_symbol_pattern_reconstruction
13	decode	kv_cache_write	40	142975	kernel_symbol_pattern_reconstruction
13	decode	attention	80	378336	kernel_symbol_pattern_reconstruction
13	decode	activation	40	30656	kernel_symbol_pattern_reconstruction
13	decode	sampling	1	5152	kernel_symbol_pattern_reconstruction
13	decode	copy	44	38464	kernel_symbol_pattern_reconstruction
13	decode	other	10	15072	kernel_symbol_pattern_reconstruction
14	decode	layer_norm	81	160190	kernel_symbol_pattern_reconstruction
14	decode	gemm_projection	161	119410086	kernel_symbol_pattern_reconstruction
14	decode	qk_norm	39	33504	kernel_symbol_pattern_reconstruction
14	decode	rotary	39	41344	kernel_symbol_pattern_reconstruction
14	decode	kv_cache_write	40	186880	kernel_symbol_pattern_reconstruction
14	decode	attention	80	505023	kernel_symbol_pattern_reconstruction
14	decode	activation	40	30496	kernel_symbol_pattern_reconstruction
14	decode	sampling	1	5184	kernel_symbol_pattern_reconstruction
14	decode	copy	44	37856	kernel_symbol_pattern_reconstruction
14	decode	other	10	15519	kernel_symbol_pattern_reconstruction
