realtime_ns,mem_available_kb,engine_cpu_pct,engine_rss_kb,engine_threads,gpu_util_pct,gpu_temp_c,gpu_power_w
1787256446084981948,82315280,99.5,2181132,124,0,47,12.87
1787256447137216127,81790196,98.9,2181132,124,0,47,12.92
1787256448192804820,81640192,98.3,2181132,124,0,47,12.88
1787256449257744602,81103256,97.8,2201956,125,0,47,17.78
1787256450347045947,81082616,97.9,2201996,125,96,51,39.17
1787256451464491615,81070012,97.9,2202024,125,96,51,36.19
1787256452576587517,81078116,98.0,2202052,125,96,52,36.23
1787256453680106013,81061148,98.0,2202076,125,96,52,36.29
1787256454787758560,81082312,98.0,2202108,125,96,52,36.26
1787256455892270804,81102924,98.1,2202124,125,96,52,36.30
1787256457001000732,81092924,98.1,2202152,125,96,53,36.32
1787256458119127348,81094620,98.1,2202180,125,96,53,36.42
1787256459237298916,81117688,98.2,2202204,125,96,53,36.44
1787256460353442952,81141188,98.2,2202228,125,96,53,36.46
1787256461476427814,81157748,98.3,2202248,125,96,53,36.46
1787256462596251733,81174800,98.3,2202268,125,96,54,36.53
1787256463713384149,81188200,98.3,2202288,125,96,54,36.50
1787256464829689452,81201124,98.4,2202312,125,96,54,36.54
1787256465946349292,81138564,98.4,2240112,125,96,54,41.90
1787256467051533896,81132140,98.5,2240132,125,96,54,36.61
1787256468164173134,81120296,98.5,2240156,125,96,55,36.61
1787256469280372711,81143836,98.5,2240176,125,96,55,36.67
1787256470380502784,81126752,98.6,2240196,125,96,55,36.67
1787256471487632131,81126560,98.6,2240220,125,96,55,36.75
1787256472608215681,81143856,98.6,2240244,125,96,55,36.79
1787256473719500032,81140432,98.6,2240264,125,96,56,36.80
1787256474833526863,81162584,98.7,2240284,125,96,56,36.88
1787256475938929841,81169108,98.7,2240312,125,96,56,36.89
1787256477040151825,81165292,98.7,2240328,125,96,56,37.00
1787256478147653082,81149572,98.8,2240348,125,96,56,36.99
1787256479258130307,81157608,98.8,2240364,125,96,56,37.02
1787256480369461751,81168656,98.8,2240384,125,96,56,37.09
1787256481480131539,81153300,98.9,2240412,125,94,57,38.33
1787256482584560951,81167204,98.9,2240428,125,96,57,37.17
1787256483690886826,81151664,98.9,2240444,125,96,57,37.10
1787256484801531232,81169760,99.0,2240464,125,96,57,37.10
1787256485915480104,81170416,99.0,2240480,125,96,57,37.11
1787256487026709553,81172472,99.0,2240500,125,96,57,37.13
1787256488136976513,81169652,99.1,2240516,125,96,57,37.22
1787256489246457144,81184736,99.1,2240532,125,96,57,37.19
1787256490349836009,81164096,99.1,2240548,125,96,57,37.23
1787256491464525326,81155528,99.1,2240568,125,96,58,37.26
1787256492578818556,81148256,99.1,2240584,125,96,58,37.25
1787256493686477619,81140284,99.2,2240608,125,96,58,37.31
1787256494797887772,81153096,99.2,2240628,125,96,58,37.35
1787256495908420828,81151728,99.2,2240648,125,96,58,37.35
1787256497030037359,81147420,99.2,2240664,125,96,58,37.39
1787256498132984735,81190424,99.3,2240684,125,94,58,44.50
1787256499248770150,81189708,99.3,2240700,125,96,58,37.44
1787256500356541235,81195492,99.3,2240716,125,96,58,37.46
1787256501471691083,81195504,99.3,2240732,125,96,59,37.47
1787256502587167565,81195300,99.4,2240752,125,96,59,37.54
1787256503700954533,81166680,99.4,2240772,125,96,59,37.52
1787256504805015710,81164584,99.4,2240792,125,96,59,37.50
1787256505912067208,81175188,99.4,2240812,125,96,59,37.51
1787256507032529595,81185940,99.4,2240828,125,96,59,37.57
1787256508136889344,81188608,99.5,2240848,125,96,59,37.52
1787256509253735933,81185068,99.5,2240864,125,96,59,37.53
1787256510360275130,81174076,99.5,2240884,125,96,59,37.48
1787256511463896026,81155984,99.5,2240900,125,96,59,37.56
1787256512574166275,81161240,99.5,2240920,125,96,59,37.62
1787256513683024210,81166040,99.6,2242644,125,95,59,40.56
1787256514781891428,81181432,99.6,2242660,125,96,60,38.46
1787256515895465072,81156792,99.6,2242676,125,96,60,37.67
1787256517011267755,81155128,99.7,2242692,125,96,60,37.63
1787256518115818645,81164232,99.7,2242708,125,96,60,37.72
1787256519223008975,81166188,99.7,2242724,125,96,60,37.66
1787256520335079917,81174980,99.7,2242740,125,96,60,37.69
1787256521448171671,81172644,99.7,2242760,125,96,60,37.63
1787256522561307371,81182552,99.7,2242776,125,96,60,37.71
1787256523680380197,81186216,99.8,2242792,125,96,60,37.78
1787256524799712505,81167808,99.8,2242808,125,96,60,37.78
1787256525914871806,81173112,99.8,2242824,125,96,60,37.74
1787256527023798014,81178600,99.8,2242844,125,96,60,37.74
1787256528125423783,81174344,99.8,2242864,125,96,60,37.80
1787256529234832170,81174292,99.9,2242876,125,96,60,37.89
1787256530343942695,81154088,99.9,2242900,125,96,62,41.46
1787256531457006310,81161480,99.9,2242916,125,96,60,37.82
1787256532575177642,81162000,99.9,2242932,125,96,60,37.88
1787256533685371430,81168952,99.9,2242948,125,96,60,37.82
1787256534797828576,81166304,100,2242964,125,96,60,37.87
1787256535908808705,81172360,100,2242980,125,96,61,37.92
1787256537009354421,81173364,100,2242996,125,96,61,37.84
1787256538122927694,81172512,100,2243012,125,96,61,37.81
1787256539235774559,81185916,100,2243032,125,96,61,37.83
1787256540345462756,81188356,100,2243048,125,96,61,37.92
1787256541463481363,81197992,100,2243064,125,96,61,37.95
1787256542575065471,81184672,100,2243080,125,96,61,37.87
1787256543694550245,81175264,100,2243096,125,96,61,37.95
1787256544803893680,81179668,100,2243112,125,96,61,37.91
1787256545918884160,81199632,100,2243124,125,96,61,40.86
1787256547018006104,81195276,100,2243144,125,96,61,41.98
1787256548133237628,81190636,100,2243160,125,96,61,37.89
1787256549250582414,81181884,100,2243180,125,96,61,37.96
1787256550362241661,81198376,100,2243196,125,96,61,37.93
1787256551479512227,81179732,100,2243212,125,96,61,37.91
1787256552595803999,81195032,100,2243228,125,96,61,37.96
1787256553705006520,81188928,100,2243244,125,96,61,37.96
1787256554819124788,81183988,100,2243260,125,96,61,38.01
1787256555930352452,81180276,100,2243276,125,96,61,38.07
1787256557043011952,81161196,100,2243292,125,96,61,38.07
1787256558158409964,81167748,100,2243312,125,96,61,38.00
1787256559271869934,81161196,100,2243328,125,96,61,38.02
1787256560381896067,81171400,100,2243344,125,96,61,38.07
1787256561495135896,81175824,100,2243360,125,96,61,38.07
1787256562605460193,81160484,100,2243380,125,96,62,46.05
1787256563712600094,81163288,100,2243396,125,96,62,38.09
1787256564819571652,81171440,100,2243412,125,96,62,38.09
1787256565931054397,81184348,100,2243428,125,96,62,38.10
1787256567046738633,81191872,100,2243448,125,96,62,38.11
1787256568163938386,81195780,100,2243464,125,96,62,38.04
1787256569277645277,81188896,100,2243480,125,96,62,38.12
1787256570385457815,81202868,100,2243496,125,96,62,38.14
1787256571496503633,81181064,100,2243512,125,96,62,38.15
1787256572614589412,81174564,100,2243528,125,96,62,38.19
1787256573726254819,81181744,100,2243544,125,96,62,38.16
1787256574841968469,81167760,100,2243560,125,96,62,38.13
1787256575950281970,81165568,100,2243576,125,96,62,38.19
1787256577069960736,81165340,100,2243592,125,96,62,38.18
1787256578185554143,81191808,100,2243604,125,96,62,38.60
1787256579296138767,81193936,100,2243620,125,96,62,41.15
1787256580408091867,81179108,100,2243636,125,96,62,38.15
1787256581515544025,81191816,100,2243652,125,96,62,38.14
1787256582629492333,81190872,100,2243668,125,96,62,38.15
1787256583732274647,81187992,100,2243684,125,96,62,38.17
1787256584841316198,81170384,100,2243700,125,96,62,38.17
1787256585947706843,81164860,100,2243716,125,96,62,38.18
1787256587058730883,81155176,100,2243732,125,96,62,38.22
1787256588161777525,81156188,100,2243748,125,96,62,38.19
1787256589269682363,81169476,100,2243764,125,96,62,38.23
1787256590382947094,81199992,100,2243780,125,96,62,38.23
1787256591483628899,81210164,100,2243796,125,96,62,38.10
1787256592597529587,81201040,100,2243812,125,96,62,38.24
1787256593703469807,81184976,100,2243828,125,96,62,38.28
1787256594819579176,81190620,100,2243844,125,96,63,46.11
1787256595945184366,81199888,100,2243860,125,96,63,38.31
1787256597059801352,81211040,100,2243876,125,96,62,38.33
1787256598179076806,81184168,100,2243892,125,96,63,38.28
1787256599295535928,81184624,100,2243908,125,96,63,38.26
1787256600409416881,81170180,100,2243924,125,96,63,38.24
1787256601515106244,81153964,100,2243940,125,96,63,38.29
1787256602638128818,81172548,100,2243956,125,96,63,38.28
1787256603751397416,81180840,100,2243972,125,96,63,38.36
1787256604868554016,81186892,100,2243988,125,96,63,38.38
1787256605975063038,81177540,100,2244004,125,96,63,38.41
1787256607086634176,81186976,100,2244020,125,96,63,38.33
1787256608198909358,81184112,100,2244036,125,96,63,38.35
1787256609303526904,81179272,100,2244052,125,96,63,38.30
1787256610419440610,81200208,100,2244068,125,96,63,38.33
1787256611531780959,81196400,100,2244080,125,96,63,46.38
1787256612640831201,81183384,101,2244096,125,96,63,38.40
1787256613744437139,81164044,101,2244112,125,96,63,38.37
1787256614852799897,81142836,101,2244128,125,96,63,38.31
1787256615968171094,81146924,101,2244144,125,96,63,38.36
1787256617082462779,81143292,101,2244160,125,96,63,38.39
1787256618188356028,81134260,101,2244176,125,96,63,38.39
1787256619302710038,81168992,101,2244192,125,96,63,38.41
1787256620412381458,81180528,101,2244208,125,96,63,38.49
1787256621524137469,81161156,101,2244224,125,96,63,38.38
1787256622628359318,81181780,101,2244240,125,96,63,38.44
1787256623741672345,81170668,101,2244256,125,96,63,38.40
1787256624856813625,81187632,101,2244272,125,96,63,38.38
1787256625971689812,81195568,101,2244288,125,96,63,38.39
1787256627076175751,81191632,101,2244300,125,96,64,40.90
1787256628188546787,81190312,101,2244316,125,96,63,38.43
1787256629303440781,81178084,101,2244332,125,96,63,38.42
1787256630408506146,81157104,101,2244348,125,96,63,38.44
1787256631525879510,81159536,101,2244364,125,96,63,38.45
1787256632638266252,81166796,101,2244380,125,96,63,38.37
1787256633746776311,81179788,101,2244396,125,96,63,38.45
1787256634856212797,81172316,101,2244412,125,96,63,38.47
1787256635966162064,81183028,101,2244428,125,96,63,38.44
1787256637073221784,81174336,101,2244444,125,96,63,38.49
1787256638186721813,81163768,101,2244460,125,96,63,38.42
1787256639296545304,81167932,101,2244476,125,96,63,38.42
1787256640399116296,81174116,101,2244492,125,96,63,38.40
1787256641499455440,81172832,101,2244508,125,96,63,38.44
1787256642607201456,81175040,101,2244524,125,96,63,38.52
1787256643716123212,81169756,101,2244540,125,96,64,46.44
1787256644823967409,81186552,101,2244556,125,96,63,38.45
1787256645940607743,81198032,101,2244572,125,96,63,38.45
1787256647061170319,81196408,101,2244588,125,96,63,38.46
1787256648175289119,81195108,101,2244604,125,96,63,38.51
1787256649280692251,81179360,101,2244620,125,96,63,38.48
1787256650383010366,81171660,101,2244636,125,96,63,38.48
1787256651495009419,81175972,101,2244652,125,96,63,38.49
1787256652605501088,81164096,101,2244668,125,96,64,38.54
1787256653715448832,81144368,101,2244684,125,96,64,38.54
1787256654828132831,81134216,101,2244700,125,96,64,38.51
1787256655939428262,81169824,101,2244712,125,96,64,38.44
1787256657052368619,81152772,101,2244728,125,96,64,38.50
1787256658156163501,81157780,101,2244744,125,96,64,38.56
1787256659268038918,81161436,101,2244760,125,96,64,38.78
1787256660377932359,81150540,101,2244772,125,96,63,40.48
1787256661489842630,81128756,101,2244780,125,96,63,37.09
1787256662609196796,81117124,101,2244792,125,96,63,37.06
1787256663715825497,81128964,101,2244800,125,96,63,37.02
1787256664830481998,81125712,101,2244808,125,96,63,36.97
1787256665943295083,81143580,101,2244820,125,96,63,36.95
1787256667051095723,81162528,101,2244828,125,96,63,37.03
1787256668160922600,81167716,101,2244840,125,96,63,37.05
1787256669280119888,81166712,101,2244848,125,96,63,37.06
1787256670400859765,81182728,101,2244856,125,96,63,36.96
1787256671510328852,81173992,101,2244868,125,96,63,36.99
1787256672612788771,81145884,101,2244876,125,96,63,36.95
1787256673728561409,81149140,101,2244884,125,96,63,37.06
1787256674844561419,81166388,101,2244896,125,96,63,37.01
1787256675942394581,81172904,101,2244900,125,0,60,19.75
1787256676993565602,81161820,100,2244900,125,0,59,14.48
