epoch_ns,index,payload_line,request_id
1786463368278157415,1,1,exp0012-perf-bg-1
1786463372283014808,2,2,exp0012-perf-bg-2
1786463376287762538,3,3,exp0012-perf-bg-3
1786463380293578806,4,4,exp0012-perf-bg-4
1786463384297953664,5,1,exp0012-perf-bg-5
1786463388302370401,6,2,exp0012-perf-bg-6
1786463392308065219,7,3,exp0012-perf-bg-7
1786463396313693391,8,4,exp0012-perf-bg-8
1786463400318702100,9,1,exp0012-perf-bg-9
1786463404323651431,10,2,exp0012-perf-bg-10
1786463408328686090,11,3,exp0012-perf-bg-11
1786463412333161164,12,4,exp0012-perf-bg-12
1786463416338724982,13,1,exp0012-perf-bg-13
1786463420343571217,14,2,exp0012-perf-bg-14
1786463424348915253,15,3,exp0012-perf-bg-15
1786463428353684397,16,4,exp0012-perf-bg-16
1786463432358572575,17,1,exp0012-perf-bg-17
1786463436363743326,18,2,exp0012-perf-bg-18
1786463440369088378,19,3,exp0012-perf-bg-19
1786463444373805905,20,4,exp0012-perf-bg-20
1786463448378176453,21,1,exp0012-perf-bg-21
1786463452383221982,22,2,exp0012-perf-bg-22
1786463456387774359,23,3,exp0012-perf-bg-23
1786463460392298916,24,4,exp0012-perf-bg-24
1786463464397434505,25,1,exp0012-perf-bg-25
1786463468402961542,26,2,exp0012-perf-bg-26
1786463472408628877,27,3,exp0012-perf-bg-27
1786463476414013228,28,4,exp0012-perf-bg-28
1786463480419188052,29,1,exp0012-perf-bg-29
1786463484423842040,30,2,exp0012-perf-bg-30
1786463488429168908,31,3,exp0012-perf-bg-31
1786463492433843196,32,4,exp0012-perf-bg-32
1786463496438354029,33,1,exp0012-perf-bg-33
1786463500442670959,34,2,exp0012-perf-bg-34
1786463504448326186,35,3,exp0012-perf-bg-35
1786463508453401287,36,4,exp0012-perf-bg-36
1786463512458545114,37,1,exp0012-perf-bg-37
1786463516463451045,38,2,exp0012-perf-bg-38
1786463520467961974,39,3,exp0012-perf-bg-39
1786463524473143076,40,4,exp0012-perf-bg-40
1786463528478351037,41,1,exp0012-perf-bg-41
1786463532483306466,42,2,exp0012-perf-bg-42
1786463536488319941,43,3,exp0012-perf-bg-43
1786463540493036518,44,4,exp0012-perf-bg-44
1786463544498126489,45,1,exp0012-perf-bg-45
